,alpha,beta,max_power,mode_freq,sim_data
0,0,0,13.329809827755529,1,"{'params': {'dt': 0.01, 'T_end': 1000, 'tau_E': 20, 'theta_E': -11, 'm_E': 0.25, 'W_EE': 16, 'W_E_I_PV': 90, 'W_E_I_SOM': 90, 'W_EE_L4': 1, 'W_EE_L23': 0, 'MIN_i_E_L23': 1.4, 'm_i_E_L23': 0.2, 'exp_E': 1, 'tau_I_SOM': 10, 'theta_I_SOM': 0.65, 'm_I_SOM': 0.1, 'W_I_SOM_E': 90, 'W_I_SOM_I_PV': 0, 'W_I_SOM_I_SOM': 0.025, 'W_I_SOM_E_L4': 0, 'W_I_SOM_E_L23': 2, 'exp_I_SOM': 1, 'tau_I_PV': 10, 'theta_I_PV': 13, 'm_I_PV': 0.005, 'W_I_PV_E': 90, 'W_I_PV_I_PV': 1, 'W_I_PV_I_SOM': 1, 'W_I_PV_E_L4': 1, 'W_I_PV_E_L23': 0.5, 'exp_I_PV': 3}, 'firing_rates': {'r_E_L23': array([0.0000e+00, 5.0000e-04, 9.9975e-04, ..., 1.0000e+00, 1.0000e+00,
       1.0000e+00]), 'r_I_SOM': array([0.        , 0.000215  , 0.00042978, ..., 0.21446384, 0.21446384,
       0.21446384]), 'r_I_PV': array([0., 0., 0., ..., 0., 0., 0.]), 'Time_series': array([0.0000e+00, 1.0000e-02, 2.0000e-02, ..., 9.9997e+02, 9.9998e+02,
       9.9999e+02])}}"
1,0,10,13.329809827755529,1,"{'params': {'dt': 0.01, 'T_end': 1000, 'tau_E': 20, 'theta_E': -11, 'm_E': 0.25, 'W_EE': 16, 'W_E_I_PV': 90, 'W_E_I_SOM': 90, 'W_EE_L4': 1, 'W_EE_L23': 0, 'MIN_i_E_L23': 1.4, 'm_i_E_L23': 0.2, 'exp_E': 1, 'tau_I_SOM': 10, 'theta_I_SOM': 0.65, 'm_I_SOM': 0.1, 'W_I_SOM_E': 90, 'W_I_SOM_I_PV': 0, 'W_I_SOM_I_SOM': 0.025, 'W_I_SOM_E_L4': 0, 'W_I_SOM_E_L23': 2, 'exp_I_SOM': 1, 'tau_I_PV': 10, 'theta_I_PV': 13, 'm_I_PV': 0.005, 'W_I_PV_E': 90, 'W_I_PV_I_PV': 1, 'W_I_PV_I_SOM': 1, 'W_I_PV_E_L4': 1, 'W_I_PV_E_L23': 0.5, 'exp_I_PV': 3}, 'firing_rates': {'r_E_L23': array([0.0000e+00, 5.0000e-04, 9.9975e-04, ..., 1.0000e+00, 1.0000e+00,
       1.0000e+00]), 'r_I_SOM': array([0.00000000e+00, 2.15000000e-04, 4.30284463e-04, ...,
       1.00000000e+00, 1.00000000e+00, 1.00000000e+00]), 'r_I_PV': array([0., 0., 0., ..., 0., 0., 0.]), 'Time_series': array([0.0000e+00, 1.0000e-02, 2.0000e-02, ..., 9.9997e+02, 9.9998e+02,
       9.9999e+02])}}"
2,0,20,13.329809827755529,1,"{'params': {'dt': 0.01, 'T_end': 1000, 'tau_E': 20, 'theta_E': -11, 'm_E': 0.25, 'W_EE': 16, 'W_E_I_PV': 90, 'W_E_I_SOM': 90, 'W_EE_L4': 1, 'W_EE_L23': 0, 'MIN_i_E_L23': 1.4, 'm_i_E_L23': 0.2, 'exp_E': 1, 'tau_I_SOM': 10, 'theta_I_SOM': 0.65, 'm_I_SOM': 0.1, 'W_I_SOM_E': 90, 'W_I_SOM_I_PV': 0, 'W_I_SOM_I_SOM': 0.025, 'W_I_SOM_E_L4': 0, 'W_I_SOM_E_L23': 2, 'exp_I_SOM': 1, 'tau_I_PV': 10, 'theta_I_PV': 13, 'm_I_PV': 0.005, 'W_I_PV_E': 90, 'W_I_PV_I_PV': 1, 'W_I_PV_I_SOM': 1, 'W_I_PV_E_L4': 1, 'W_I_PV_E_L23': 0.5, 'exp_I_PV': 3}, 'firing_rates': {'r_E_L23': array([0.0000e+00, 5.0000e-04, 9.9975e-04, ..., 1.0000e+00, 1.0000e+00,
       1.0000e+00]), 'r_I_SOM': array([0.00000000e+00, 2.15000000e-04, 4.30784463e-04, ...,
       1.00000000e+00, 1.00000000e+00, 1.00000000e+00]), 'r_I_PV': array([0., 0., 0., ..., 0., 0., 0.]), 'Time_series': array([0.0000e+00, 1.0000e-02, 2.0000e-02, ..., 9.9997e+02, 9.9998e+02,
       9.9999e+02])}}"
3,0,30,913.1291198205702,37,"{'params': {'dt': 0.01, 'T_end': 1000, 'tau_E': 20, 'theta_E': -11, 'm_E': 0.25, 'W_EE': 16, 'W_E_I_PV': 90, 'W_E_I_SOM': 90, 'W_EE_L4': 1, 'W_EE_L23': 0, 'MIN_i_E_L23': 1.4, 'm_i_E_L23': 0.2, 'exp_E': 1, 'tau_I_SOM': 10, 'theta_I_SOM': 0.65, 'm_I_SOM': 0.1, 'W_I_SOM_E': 90, 'W_I_SOM_I_PV': 0, 'W_I_SOM_I_SOM': 0.025, 'W_I_SOM_E_L4': 0, 'W_I_SOM_E_L23': 2, 'exp_I_SOM': 1, 'tau_I_PV': 10, 'theta_I_PV': 13, 'm_I_PV': 0.005, 'W_I_PV_E': 90, 'W_I_PV_I_PV': 1, 'W_I_PV_I_SOM': 1, 'W_I_PV_E_L4': 1, 'W_I_PV_E_L23': 0.5, 'exp_I_PV': 3}, 'firing_rates': {'r_E_L23': array([0.        , 0.0005    , 0.00099975, ..., 0.08891788, 0.08897429,
       0.08903056]), 'r_I_SOM': array([0.00000000e+00, 2.15000000e-04, 4.31284462e-04, ...,
       4.20524565e-01, 4.20584743e-01, 4.20645030e-01]), 'r_I_PV': array([0., 0., 0., ..., 0., 0., 0.]), 'Time_series': array([0.0000e+00, 1.0000e-02, 2.0000e-02, ..., 9.9997e+02, 9.9998e+02,
       9.9999e+02])}}"
4,0,40,155.62918205796882,51,"{'params': {'dt': 0.01, 'T_end': 1000, 'tau_E': 20, 'theta_E': -11, 'm_E': 0.25, 'W_EE': 16, 'W_E_I_PV': 90, 'W_E_I_SOM': 90, 'W_EE_L4': 1, 'W_EE_L23': 0, 'MIN_i_E_L23': 1.4, 'm_i_E_L23': 0.2, 'exp_E': 1, 'tau_I_SOM': 10, 'theta_I_SOM': 0.65, 'm_I_SOM': 0.1, 'W_I_SOM_E': 90, 'W_I_SOM_I_PV': 0, 'W_I_SOM_I_SOM': 0.025, 'W_I_SOM_E_L4': 0, 'W_I_SOM_E_L23': 2, 'exp_I_SOM': 1, 'tau_I_PV': 10, 'theta_I_PV': 13, 'm_I_PV': 0.005, 'W_I_PV_E': 90, 'W_I_PV_I_PV': 1, 'W_I_PV_I_SOM': 1, 'W_I_PV_E_L4': 1, 'W_I_PV_E_L23': 0.5, 'exp_I_PV': 3}, 'firing_rates': {'r_E_L23': array([0.        , 0.0005    , 0.00099975, ..., 0.02279593, 0.02278454,
       0.02277314]), 'r_I_SOM': array([0.00000000e+00, 2.15000000e-04, 4.31784462e-04, ...,
       3.12561969e-01, 3.12554810e-01, 3.12547612e-01]), 'r_I_PV': array([0., 0., 0., ..., 0., 0., 0.]), 'Time_series': array([0.0000e+00, 1.0000e-02, 2.0000e-02, ..., 9.9997e+02, 9.9998e+02,
       9.9999e+02])}}"
5,0,50,36.49228059228021,64,"{'params': {'dt': 0.01, 'T_end': 1000, 'tau_E': 20, 'theta_E': -11, 'm_E': 0.25, 'W_EE': 16, 'W_E_I_PV': 90, 'W_E_I_SOM': 90, 'W_EE_L4': 1, 'W_EE_L23': 0, 'MIN_i_E_L23': 1.4, 'm_i_E_L23': 0.2, 'exp_E': 1, 'tau_I_SOM': 10, 'theta_I_SOM': 0.65, 'm_I_SOM': 0.1, 'W_I_SOM_E': 90, 'W_I_SOM_I_PV': 0, 'W_I_SOM_I_SOM': 0.025, 'W_I_SOM_E_L4': 0, 'W_I_SOM_E_L23': 2, 'exp_I_SOM': 1, 'tau_I_PV': 10, 'theta_I_PV': 13, 'm_I_PV': 0.005, 'W_I_PV_E': 90, 'W_I_PV_I_PV': 1, 'W_I_PV_I_SOM': 1, 'W_I_PV_E_L4': 1, 'W_I_PV_E_L23': 0.5, 'exp_I_PV': 3}, 'firing_rates': {'r_E_L23': array([0.        , 0.0005    , 0.00099975, ..., 0.00631816, 0.00631527,
       0.00631235]), 'r_I_SOM': array([0.00000000e+00, 2.15000000e-04, 4.32284463e-04, ...,
       2.41979525e-01, 2.41983531e-01, 2.41987519e-01]), 'r_I_PV': array([0., 0., 0., ..., 0., 0., 0.]), 'Time_series': array([0.0000e+00, 1.0000e-02, 2.0000e-02, ..., 9.9997e+02, 9.9998e+02,
       9.9999e+02])}}"
6,0,60,2.508514693532687,1,"{'params': {'dt': 0.01, 'T_end': 1000, 'tau_E': 20, 'theta_E': -11, 'm_E': 0.25, 'W_EE': 16, 'W_E_I_PV': 90, 'W_E_I_SOM': 90, 'W_EE_L4': 1, 'W_EE_L23': 0, 'MIN_i_E_L23': 1.4, 'm_i_E_L23': 0.2, 'exp_E': 1, 'tau_I_SOM': 10, 'theta_I_SOM': 0.65, 'm_I_SOM': 0.1, 'W_I_SOM_E': 90, 'W_I_SOM_I_PV': 0, 'W_I_SOM_I_SOM': 0.025, 'W_I_SOM_E_L4': 0, 'W_I_SOM_E_L23': 2, 'exp_I_SOM': 1, 'tau_I_PV': 10, 'theta_I_PV': 13, 'm_I_PV': 0.005, 'W_I_PV_E': 90, 'W_I_PV_I_PV': 1, 'W_I_PV_I_SOM': 1, 'W_I_PV_E_L4': 1, 'W_I_PV_E_L23': 0.5, 'exp_I_PV': 3}, 'firing_rates': {'r_E_L23': array([0.00000000e+00, 5.00000000e-04, 9.99750000e-04, ...,
       3.58996086e-23, 3.58816588e-23, 3.58637180e-23]), 'r_I_SOM': array([0.        , 0.000215  , 0.00043278, ..., 0.21446384, 0.21446384,
       0.21446384]), 'r_I_PV': array([0., 0., 0., ..., 0., 0., 0.]), 'Time_series': array([0.0000e+00, 1.0000e-02, 2.0000e-02, ..., 9.9997e+02, 9.9998e+02,
       9.9999e+02])}}"
7,0,70,2.035014292416993,1,"{'params': {'dt': 0.01, 'T_end': 1000, 'tau_E': 20, 'theta_E': -11, 'm_E': 0.25, 'W_EE': 16, 'W_E_I_PV': 90, 'W_E_I_SOM': 90, 'W_EE_L4': 1, 'W_EE_L23': 0, 'MIN_i_E_L23': 1.4, 'm_i_E_L23': 0.2, 'exp_E': 1, 'tau_I_SOM': 10, 'theta_I_SOM': 0.65, 'm_I_SOM': 0.1, 'W_I_SOM_E': 90, 'W_I_SOM_I_PV': 0, 'W_I_SOM_I_SOM': 0.025, 'W_I_SOM_E_L4': 0, 'W_I_SOM_E_L23': 2, 'exp_I_SOM': 1, 'tau_I_PV': 10, 'theta_I_PV': 13, 'm_I_PV': 0.005, 'W_I_PV_E': 90, 'W_I_PV_I_PV': 1, 'W_I_PV_I_SOM': 1, 'W_I_PV_E_L4': 1, 'W_I_PV_E_L23': 0.5, 'exp_I_PV': 3}, 'firing_rates': {'r_E_L23': array([0.00000000e+00, 5.00000000e-04, 9.99750000e-04, ...,
       2.91232963e-23, 2.91087346e-23, 2.90941803e-23]), 'r_I_SOM': array([0.        , 0.000215  , 0.00043328, ..., 0.21446384, 0.21446384,
       0.21446384]), 'r_I_PV': array([0., 0., 0., ..., 0., 0., 0.]), 'Time_series': array([0.0000e+00, 1.0000e-02, 2.0000e-02, ..., 9.9997e+02, 9.9998e+02,
       9.9999e+02])}}"
8,0,80,1.7126751886804041,1,"{'params': {'dt': 0.01, 'T_end': 1000, 'tau_E': 20, 'theta_E': -11, 'm_E': 0.25, 'W_EE': 16, 'W_E_I_PV': 90, 'W_E_I_SOM': 90, 'W_EE_L4': 1, 'W_EE_L23': 0, 'MIN_i_E_L23': 1.4, 'm_i_E_L23': 0.2, 'exp_E': 1, 'tau_I_SOM': 10, 'theta_I_SOM': 0.65, 'm_I_SOM': 0.1, 'W_I_SOM_E': 90, 'W_I_SOM_I_PV': 0, 'W_I_SOM_I_SOM': 0.025, 'W_I_SOM_E_L4': 0, 'W_I_SOM_E_L23': 2, 'exp_I_SOM': 1, 'tau_I_PV': 10, 'theta_I_PV': 13, 'm_I_PV': 0.005, 'W_I_PV_E': 90, 'W_I_PV_I_PV': 1, 'W_I_PV_I_SOM': 1, 'W_I_PV_E_L4': 1, 'W_I_PV_E_L23': 0.5, 'exp_I_PV': 3}, 'firing_rates': {'r_E_L23': array([0.00000000e+00, 5.00000000e-04, 9.99750000e-04, ...,
       2.45102686e-23, 2.44980135e-23, 2.44857645e-23]), 'r_I_SOM': array([0.        , 0.000215  , 0.00043378, ..., 0.21446384, 0.21446384,
       0.21446384]), 'r_I_PV': array([0., 0., 0., ..., 0., 0., 0.]), 'Time_series': array([0.0000e+00, 1.0000e-02, 2.0000e-02, ..., 9.9997e+02, 9.9998e+02,
       9.9999e+02])}}"
9,0,90,1.4789038385297923,1,"{'params': {'dt': 0.01, 'T_end': 1000, 'tau_E': 20, 'theta_E': -11, 'm_E': 0.25, 'W_EE': 16, 'W_E_I_PV': 90, 'W_E_I_SOM': 90, 'W_EE_L4': 1, 'W_EE_L23': 0, 'MIN_i_E_L23': 1.4, 'm_i_E_L23': 0.2, 'exp_E': 1, 'tau_I_SOM': 10, 'theta_I_SOM': 0.65, 'm_I_SOM': 0.1, 'W_I_SOM_E': 90, 'W_I_SOM_I_PV': 0, 'W_I_SOM_I_SOM': 0.025, 'W_I_SOM_E_L4': 0, 'W_I_SOM_E_L23': 2, 'exp_I_SOM': 1, 'tau_I_PV': 10, 'theta_I_PV': 13, 'm_I_PV': 0.005, 'W_I_PV_E': 90, 'W_I_PV_I_PV': 1, 'W_I_PV_I_SOM': 1, 'W_I_PV_E_L4': 1, 'W_I_PV_E_L23': 0.5, 'exp_I_PV': 3}, 'firing_rates': {'r_E_L23': array([0.00000000e+00, 5.00000000e-04, 9.99750000e-04, ...,
       2.11647431e-23, 2.11541607e-23, 2.11435836e-23]), 'r_I_SOM': array([0.        , 0.000215  , 0.00043428, ..., 0.21446384, 0.21446384,
       0.21446384]), 'r_I_PV': array([0., 0., 0., ..., 0., 0., 0.]), 'Time_series': array([0.0000e+00, 1.0000e-02, 2.0000e-02, ..., 9.9997e+02, 9.9998e+02,
       9.9999e+02])}}"
10,10,0,13.329809827755529,1,"{'params': {'dt': 0.01, 'T_end': 1000, 'tau_E': 20, 'theta_E': -11, 'm_E': 0.25, 'W_EE': 16, 'W_E_I_PV': 90, 'W_E_I_SOM': 90, 'W_EE_L4': 1, 'W_EE_L23': 0, 'MIN_i_E_L23': 1.4, 'm_i_E_L23': 0.2, 'exp_E': 1, 'tau_I_SOM': 10, 'theta_I_SOM': 0.65, 'm_I_SOM': 0.1, 'W_I_SOM_E': 90, 'W_I_SOM_I_PV': 0, 'W_I_SOM_I_SOM': 0.025, 'W_I_SOM_E_L4': 0, 'W_I_SOM_E_L23': 2, 'exp_I_SOM': 1, 'tau_I_PV': 10, 'theta_I_PV': 13, 'm_I_PV': 0.005, 'W_I_PV_E': 90, 'W_I_PV_I_PV': 1, 'W_I_PV_I_SOM': 1, 'W_I_PV_E_L4': 1, 'W_I_PV_E_L23': 0.5, 'exp_I_PV': 3}, 'firing_rates': {'r_E_L23': array([0.0000e+00, 5.0000e-04, 9.9975e-04, ..., 1.0000e+00, 1.0000e+00,
       1.0000e+00]), 'r_I_SOM': array([0.        , 0.000215  , 0.00042978, ..., 0.21446384, 0.21446384,
       0.21446384]), 'r_I_PV': array([0., 0., 0., ..., 0., 0., 0.]), 'Time_series': array([0.0000e+00, 1.0000e-02, 2.0000e-02, ..., 9.9997e+02, 9.9998e+02,
       9.9999e+02])}}"
11,10,10,13.329809827755529,1,"{'params': {'dt': 0.01, 'T_end': 1000, 'tau_E': 20, 'theta_E': -11, 'm_E': 0.25, 'W_EE': 16, 'W_E_I_PV': 90, 'W_E_I_SOM': 90, 'W_EE_L4': 1, 'W_EE_L23': 0, 'MIN_i_E_L23': 1.4, 'm_i_E_L23': 0.2, 'exp_E': 1, 'tau_I_SOM': 10, 'theta_I_SOM': 0.65, 'm_I_SOM': 0.1, 'W_I_SOM_E': 90, 'W_I_SOM_I_PV': 0, 'W_I_SOM_I_SOM': 0.025, 'W_I_SOM_E_L4': 0, 'W_I_SOM_E_L23': 2, 'exp_I_SOM': 1, 'tau_I_PV': 10, 'theta_I_PV': 13, 'm_I_PV': 0.005, 'W_I_PV_E': 90, 'W_I_PV_I_PV': 1, 'W_I_PV_I_SOM': 1, 'W_I_PV_E_L4': 1, 'W_I_PV_E_L23': 0.5, 'exp_I_PV': 3}, 'firing_rates': {'r_E_L23': array([0.0000e+00, 5.0000e-04, 9.9975e-04, ..., 1.0000e+00, 1.0000e+00,
       1.0000e+00]), 'r_I_SOM': array([0.00000000e+00, 2.15000000e-04, 4.30284463e-04, ...,
       1.00000000e+00, 1.00000000e+00, 1.00000000e+00]), 'r_I_PV': array([0., 0., 0., ..., 0., 0., 0.]), 'Time_series': array([0.0000e+00, 1.0000e-02, 2.0000e-02, ..., 9.9997e+02, 9.9998e+02,
       9.9999e+02])}}"
12,10,20,13.329809827755529,1,"{'params': {'dt': 0.01, 'T_end': 1000, 'tau_E': 20, 'theta_E': -11, 'm_E': 0.25, 'W_EE': 16, 'W_E_I_PV': 90, 'W_E_I_SOM': 90, 'W_EE_L4': 1, 'W_EE_L23': 0, 'MIN_i_E_L23': 1.4, 'm_i_E_L23': 0.2, 'exp_E': 1, 'tau_I_SOM': 10, 'theta_I_SOM': 0.65, 'm_I_SOM': 0.1, 'W_I_SOM_E': 90, 'W_I_SOM_I_PV': 0, 'W_I_SOM_I_SOM': 0.025, 'W_I_SOM_E_L4': 0, 'W_I_SOM_E_L23': 2, 'exp_I_SOM': 1, 'tau_I_PV': 10, 'theta_I_PV': 13, 'm_I_PV': 0.005, 'W_I_PV_E': 90, 'W_I_PV_I_PV': 1, 'W_I_PV_I_SOM': 1, 'W_I_PV_E_L4': 1, 'W_I_PV_E_L23': 0.5, 'exp_I_PV': 3}, 'firing_rates': {'r_E_L23': array([0.0000e+00, 5.0000e-04, 9.9975e-04, ..., 1.0000e+00, 1.0000e+00,
       1.0000e+00]), 'r_I_SOM': array([0.00000000e+00, 2.15000000e-04, 4.30784463e-04, ...,
       1.00000000e+00, 1.00000000e+00, 1.00000000e+00]), 'r_I_PV': array([0., 0., 0., ..., 0., 0., 0.]), 'Time_series': array([0.0000e+00, 1.0000e-02, 2.0000e-02, ..., 9.9997e+02, 9.9998e+02,
       9.9999e+02])}}"
13,10,30,913.1291198205702,37,"{'params': {'dt': 0.01, 'T_end': 1000, 'tau_E': 20, 'theta_E': -11, 'm_E': 0.25, 'W_EE': 16, 'W_E_I_PV': 90, 'W_E_I_SOM': 90, 'W_EE_L4': 1, 'W_EE_L23': 0, 'MIN_i_E_L23': 1.4, 'm_i_E_L23': 0.2, 'exp_E': 1, 'tau_I_SOM': 10, 'theta_I_SOM': 0.65, 'm_I_SOM': 0.1, 'W_I_SOM_E': 90, 'W_I_SOM_I_PV': 0, 'W_I_SOM_I_SOM': 0.025, 'W_I_SOM_E_L4': 0, 'W_I_SOM_E_L23': 2, 'exp_I_SOM': 1, 'tau_I_PV': 10, 'theta_I_PV': 13, 'm_I_PV': 0.005, 'W_I_PV_E': 90, 'W_I_PV_I_PV': 1, 'W_I_PV_I_SOM': 1, 'W_I_PV_E_L4': 1, 'W_I_PV_E_L23': 0.5, 'exp_I_PV': 3}, 'firing_rates': {'r_E_L23': array([0.        , 0.0005    , 0.00099975, ..., 0.08891788, 0.08897429,
       0.08903056]), 'r_I_SOM': array([0.00000000e+00, 2.15000000e-04, 4.31284462e-04, ...,
       4.20524565e-01, 4.20584743e-01, 4.20645030e-01]), 'r_I_PV': array([0., 0., 0., ..., 0., 0., 0.]), 'Time_series': array([0.0000e+00, 1.0000e-02, 2.0000e-02, ..., 9.9997e+02, 9.9998e+02,
       9.9999e+02])}}"
14,10,40,155.62918205796882,51,"{'params': {'dt': 0.01, 'T_end': 1000, 'tau_E': 20, 'theta_E': -11, 'm_E': 0.25, 'W_EE': 16, 'W_E_I_PV': 90, 'W_E_I_SOM': 90, 'W_EE_L4': 1, 'W_EE_L23': 0, 'MIN_i_E_L23': 1.4, 'm_i_E_L23': 0.2, 'exp_E': 1, 'tau_I_SOM': 10, 'theta_I_SOM': 0.65, 'm_I_SOM': 0.1, 'W_I_SOM_E': 90, 'W_I_SOM_I_PV': 0, 'W_I_SOM_I_SOM': 0.025, 'W_I_SOM_E_L4': 0, 'W_I_SOM_E_L23': 2, 'exp_I_SOM': 1, 'tau_I_PV': 10, 'theta_I_PV': 13, 'm_I_PV': 0.005, 'W_I_PV_E': 90, 'W_I_PV_I_PV': 1, 'W_I_PV_I_SOM': 1, 'W_I_PV_E_L4': 1, 'W_I_PV_E_L23': 0.5, 'exp_I_PV': 3}, 'firing_rates': {'r_E_L23': array([0.        , 0.0005    , 0.00099975, ..., 0.02279593, 0.02278454,
       0.02277314]), 'r_I_SOM': array([0.00000000e+00, 2.15000000e-04, 4.31784462e-04, ...,
       3.12561969e-01, 3.12554810e-01, 3.12547612e-01]), 'r_I_PV': array([0., 0., 0., ..., 0., 0., 0.]), 'Time_series': array([0.0000e+00, 1.0000e-02, 2.0000e-02, ..., 9.9997e+02, 9.9998e+02,
       9.9999e+02])}}"
15,10,50,36.49228059228021,64,"{'params': {'dt': 0.01, 'T_end': 1000, 'tau_E': 20, 'theta_E': -11, 'm_E': 0.25, 'W_EE': 16, 'W_E_I_PV': 90, 'W_E_I_SOM': 90, 'W_EE_L4': 1, 'W_EE_L23': 0, 'MIN_i_E_L23': 1.4, 'm_i_E_L23': 0.2, 'exp_E': 1, 'tau_I_SOM': 10, 'theta_I_SOM': 0.65, 'm_I_SOM': 0.1, 'W_I_SOM_E': 90, 'W_I_SOM_I_PV': 0, 'W_I_SOM_I_SOM': 0.025, 'W_I_SOM_E_L4': 0, 'W_I_SOM_E_L23': 2, 'exp_I_SOM': 1, 'tau_I_PV': 10, 'theta_I_PV': 13, 'm_I_PV': 0.005, 'W_I_PV_E': 90, 'W_I_PV_I_PV': 1, 'W_I_PV_I_SOM': 1, 'W_I_PV_E_L4': 1, 'W_I_PV_E_L23': 0.5, 'exp_I_PV': 3}, 'firing_rates': {'r_E_L23': array([0.        , 0.0005    , 0.00099975, ..., 0.00631816, 0.00631527,
       0.00631235]), 'r_I_SOM': array([0.00000000e+00, 2.15000000e-04, 4.32284463e-04, ...,
       2.41979525e-01, 2.41983531e-01, 2.41987519e-01]), 'r_I_PV': array([0., 0., 0., ..., 0., 0., 0.]), 'Time_series': array([0.0000e+00, 1.0000e-02, 2.0000e-02, ..., 9.9997e+02, 9.9998e+02,
       9.9999e+02])}}"
16,10,60,2.508514693532687,1,"{'params': {'dt': 0.01, 'T_end': 1000, 'tau_E': 20, 'theta_E': -11, 'm_E': 0.25, 'W_EE': 16, 'W_E_I_PV': 90, 'W_E_I_SOM': 90, 'W_EE_L4': 1, 'W_EE_L23': 0, 'MIN_i_E_L23': 1.4, 'm_i_E_L23': 0.2, 'exp_E': 1, 'tau_I_SOM': 10, 'theta_I_SOM': 0.65, 'm_I_SOM': 0.1, 'W_I_SOM_E': 90, 'W_I_SOM_I_PV': 0, 'W_I_SOM_I_SOM': 0.025, 'W_I_SOM_E_L4': 0, 'W_I_SOM_E_L23': 2, 'exp_I_SOM': 1, 'tau_I_PV': 10, 'theta_I_PV': 13, 'm_I_PV': 0.005, 'W_I_PV_E': 90, 'W_I_PV_I_PV': 1, 'W_I_PV_I_SOM': 1, 'W_I_PV_E_L4': 1, 'W_I_PV_E_L23': 0.5, 'exp_I_PV': 3}, 'firing_rates': {'r_E_L23': array([0.00000000e+00, 5.00000000e-04, 9.99750000e-04, ...,
       3.58996086e-23, 3.58816588e-23, 3.58637180e-23]), 'r_I_SOM': array([0.        , 0.000215  , 0.00043278, ..., 0.21446384, 0.21446384,
       0.21446384]), 'r_I_PV': array([0., 0., 0., ..., 0., 0., 0.]), 'Time_series': array([0.0000e+00, 1.0000e-02, 2.0000e-02, ..., 9.9997e+02, 9.9998e+02,
       9.9999e+02])}}"
17,10,70,2.035014292416993,1,"{'params': {'dt': 0.01, 'T_end': 1000, 'tau_E': 20, 'theta_E': -11, 'm_E': 0.25, 'W_EE': 16, 'W_E_I_PV': 90, 'W_E_I_SOM': 90, 'W_EE_L4': 1, 'W_EE_L23': 0, 'MIN_i_E_L23': 1.4, 'm_i_E_L23': 0.2, 'exp_E': 1, 'tau_I_SOM': 10, 'theta_I_SOM': 0.65, 'm_I_SOM': 0.1, 'W_I_SOM_E': 90, 'W_I_SOM_I_PV': 0, 'W_I_SOM_I_SOM': 0.025, 'W_I_SOM_E_L4': 0, 'W_I_SOM_E_L23': 2, 'exp_I_SOM': 1, 'tau_I_PV': 10, 'theta_I_PV': 13, 'm_I_PV': 0.005, 'W_I_PV_E': 90, 'W_I_PV_I_PV': 1, 'W_I_PV_I_SOM': 1, 'W_I_PV_E_L4': 1, 'W_I_PV_E_L23': 0.5, 'exp_I_PV': 3}, 'firing_rates': {'r_E_L23': array([0.00000000e+00, 5.00000000e-04, 9.99750000e-04, ...,
       2.91232963e-23, 2.91087346e-23, 2.90941803e-23]), 'r_I_SOM': array([0.        , 0.000215  , 0.00043328, ..., 0.21446384, 0.21446384,
       0.21446384]), 'r_I_PV': array([0., 0., 0., ..., 0., 0., 0.]), 'Time_series': array([0.0000e+00, 1.0000e-02, 2.0000e-02, ..., 9.9997e+02, 9.9998e+02,
       9.9999e+02])}}"
18,10,80,1.7126751886804041,1,"{'params': {'dt': 0.01, 'T_end': 1000, 'tau_E': 20, 'theta_E': -11, 'm_E': 0.25, 'W_EE': 16, 'W_E_I_PV': 90, 'W_E_I_SOM': 90, 'W_EE_L4': 1, 'W_EE_L23': 0, 'MIN_i_E_L23': 1.4, 'm_i_E_L23': 0.2, 'exp_E': 1, 'tau_I_SOM': 10, 'theta_I_SOM': 0.65, 'm_I_SOM': 0.1, 'W_I_SOM_E': 90, 'W_I_SOM_I_PV': 0, 'W_I_SOM_I_SOM': 0.025, 'W_I_SOM_E_L4': 0, 'W_I_SOM_E_L23': 2, 'exp_I_SOM': 1, 'tau_I_PV': 10, 'theta_I_PV': 13, 'm_I_PV': 0.005, 'W_I_PV_E': 90, 'W_I_PV_I_PV': 1, 'W_I_PV_I_SOM': 1, 'W_I_PV_E_L4': 1, 'W_I_PV_E_L23': 0.5, 'exp_I_PV': 3}, 'firing_rates': {'r_E_L23': array([0.00000000e+00, 5.00000000e-04, 9.99750000e-04, ...,
       2.45102686e-23, 2.44980135e-23, 2.44857645e-23]), 'r_I_SOM': array([0.        , 0.000215  , 0.00043378, ..., 0.21446384, 0.21446384,
       0.21446384]), 'r_I_PV': array([0., 0., 0., ..., 0., 0., 0.]), 'Time_series': array([0.0000e+00, 1.0000e-02, 2.0000e-02, ..., 9.9997e+02, 9.9998e+02,
       9.9999e+02])}}"
19,10,90,1.4789038385297923,1,"{'params': {'dt': 0.01, 'T_end': 1000, 'tau_E': 20, 'theta_E': -11, 'm_E': 0.25, 'W_EE': 16, 'W_E_I_PV': 90, 'W_E_I_SOM': 90, 'W_EE_L4': 1, 'W_EE_L23': 0, 'MIN_i_E_L23': 1.4, 'm_i_E_L23': 0.2, 'exp_E': 1, 'tau_I_SOM': 10, 'theta_I_SOM': 0.65, 'm_I_SOM': 0.1, 'W_I_SOM_E': 90, 'W_I_SOM_I_PV': 0, 'W_I_SOM_I_SOM': 0.025, 'W_I_SOM_E_L4': 0, 'W_I_SOM_E_L23': 2, 'exp_I_SOM': 1, 'tau_I_PV': 10, 'theta_I_PV': 13, 'm_I_PV': 0.005, 'W_I_PV_E': 90, 'W_I_PV_I_PV': 1, 'W_I_PV_I_SOM': 1, 'W_I_PV_E_L4': 1, 'W_I_PV_E_L23': 0.5, 'exp_I_PV': 3}, 'firing_rates': {'r_E_L23': array([0.00000000e+00, 5.00000000e-04, 9.99750000e-04, ...,
       2.11647431e-23, 2.11541607e-23, 2.11435836e-23]), 'r_I_SOM': array([0.        , 0.000215  , 0.00043428, ..., 0.21446384, 0.21446384,
       0.21446384]), 'r_I_PV': array([0., 0., 0., ..., 0., 0., 0.]), 'Time_series': array([0.0000e+00, 1.0000e-02, 2.0000e-02, ..., 9.9997e+02, 9.9998e+02,
       9.9999e+02])}}"
20,20,0,13.329809827755529,1,"{'params': {'dt': 0.01, 'T_end': 1000, 'tau_E': 20, 'theta_E': -11, 'm_E': 0.25, 'W_EE': 16, 'W_E_I_PV': 90, 'W_E_I_SOM': 90, 'W_EE_L4': 1, 'W_EE_L23': 0, 'MIN_i_E_L23': 1.4, 'm_i_E_L23': 0.2, 'exp_E': 1, 'tau_I_SOM': 10, 'theta_I_SOM': 0.65, 'm_I_SOM': 0.1, 'W_I_SOM_E': 90, 'W_I_SOM_I_PV': 0, 'W_I_SOM_I_SOM': 0.025, 'W_I_SOM_E_L4': 0, 'W_I_SOM_E_L23': 2, 'exp_I_SOM': 1, 'tau_I_PV': 10, 'theta_I_PV': 13, 'm_I_PV': 0.005, 'W_I_PV_E': 90, 'W_I_PV_I_PV': 1, 'W_I_PV_I_SOM': 1, 'W_I_PV_E_L4': 1, 'W_I_PV_E_L23': 0.5, 'exp_I_PV': 3}, 'firing_rates': {'r_E_L23': array([0.0000e+00, 5.0000e-04, 9.9975e-04, ..., 1.0000e+00, 1.0000e+00,
       1.0000e+00]), 'r_I_SOM': array([0.        , 0.000215  , 0.00042978, ..., 0.21446384, 0.21446384,
       0.21446384]), 'r_I_PV': array([0., 0., 0., ..., 1., 1., 1.]), 'Time_series': array([0.0000e+00, 1.0000e-02, 2.0000e-02, ..., 9.9997e+02, 9.9998e+02,
       9.9999e+02])}}"
21,20,10,500.3113031391517,57,"{'params': {'dt': 0.01, 'T_end': 1000, 'tau_E': 20, 'theta_E': -11, 'm_E': 0.25, 'W_EE': 16, 'W_E_I_PV': 90, 'W_E_I_SOM': 90, 'W_EE_L4': 1, 'W_EE_L23': 0, 'MIN_i_E_L23': 1.4, 'm_i_E_L23': 0.2, 'exp_E': 1, 'tau_I_SOM': 10, 'theta_I_SOM': 0.65, 'm_I_SOM': 0.1, 'W_I_SOM_E': 90, 'W_I_SOM_I_PV': 0, 'W_I_SOM_I_SOM': 0.025, 'W_I_SOM_E_L4': 0, 'W_I_SOM_E_L23': 2, 'exp_I_SOM': 1, 'tau_I_PV': 10, 'theta_I_PV': 13, 'm_I_PV': 0.005, 'W_I_PV_E': 90, 'W_I_PV_I_PV': 1, 'W_I_PV_I_SOM': 1, 'W_I_PV_E_L4': 1, 'W_I_PV_E_L23': 0.5, 'exp_I_PV': 3}, 'firing_rates': {'r_E_L23': array([0.00000000e+00, 5.00000000e-04, 9.99750000e-04, ...,
       9.13811733e-01, 9.13812243e-01, 9.13812483e-01]), 'r_I_SOM': array([0.00000000e+00, 2.15000000e-04, 4.30284463e-04, ...,
       1.00000000e+00, 1.00000000e+00, 1.00000000e+00]), 'r_I_PV': array([0.        , 0.        , 0.        , ..., 0.64808306, 0.64819128,
       0.64829936]), 'Time_series': array([0.0000e+00, 1.0000e-02, 2.0000e-02, ..., 9.9997e+02, 9.9998e+02,
       9.9999e+02])}}"
22,20,20,7553.662611109017,18,"{'params': {'dt': 0.01, 'T_end': 1000, 'tau_E': 20, 'theta_E': -11, 'm_E': 0.25, 'W_EE': 16, 'W_E_I_PV': 90, 'W_E_I_SOM': 90, 'W_EE_L4': 1, 'W_EE_L23': 0, 'MIN_i_E_L23': 1.4, 'm_i_E_L23': 0.2, 'exp_E': 1, 'tau_I_SOM': 10, 'theta_I_SOM': 0.65, 'm_I_SOM': 0.1, 'W_I_SOM_E': 90, 'W_I_SOM_I_PV': 0, 'W_I_SOM_I_SOM': 0.025, 'W_I_SOM_E_L4': 0, 'W_I_SOM_E_L23': 2, 'exp_I_SOM': 1, 'tau_I_PV': 10, 'theta_I_PV': 13, 'm_I_PV': 0.005, 'W_I_PV_E': 90, 'W_I_PV_I_PV': 1, 'W_I_PV_I_SOM': 1, 'W_I_PV_E_L4': 1, 'W_I_PV_E_L23': 0.5, 'exp_I_PV': 3}, 'firing_rates': {'r_E_L23': array([0.00000000e+00, 5.00000000e-04, 9.99750000e-04, ...,
       5.01341675e-01, 5.01365742e-01, 5.01389573e-01]), 'r_I_SOM': array([0.00000000e+00, 2.15000000e-04, 4.30784463e-04, ...,
       8.91178390e-01, 8.91287211e-01, 8.91395924e-01]), 'r_I_PV': array([0.00000000e+00, 0.00000000e+00, 0.00000000e+00, ...,
       3.67761248e-43, 3.67393487e-43, 3.67026094e-43]), 'Time_series': array([0.0000e+00, 1.0000e-02, 2.0000e-02, ..., 9.9997e+02, 9.9998e+02,
       9.9999e+02])}}"
23,20,30,913.1291198205702,37,"{'params': {'dt': 0.01, 'T_end': 1000, 'tau_E': 20, 'theta_E': -11, 'm_E': 0.25, 'W_EE': 16, 'W_E_I_PV': 90, 'W_E_I_SOM': 90, 'W_EE_L4': 1, 'W_EE_L23': 0, 'MIN_i_E_L23': 1.4, 'm_i_E_L23': 0.2, 'exp_E': 1, 'tau_I_SOM': 10, 'theta_I_SOM': 0.65, 'm_I_SOM': 0.1, 'W_I_SOM_E': 90, 'W_I_SOM_I_PV': 0, 'W_I_SOM_I_SOM': 0.025, 'W_I_SOM_E_L4': 0, 'W_I_SOM_E_L23': 2, 'exp_I_SOM': 1, 'tau_I_PV': 10, 'theta_I_PV': 13, 'm_I_PV': 0.005, 'W_I_PV_E': 90, 'W_I_PV_I_PV': 1, 'W_I_PV_I_SOM': 1, 'W_I_PV_E_L4': 1, 'W_I_PV_E_L23': 0.5, 'exp_I_PV': 3}, 'firing_rates': {'r_E_L23': array([0.        , 0.0005    , 0.00099975, ..., 0.08891788, 0.08897429,
       0.08903056]), 'r_I_SOM': array([0.00000000e+00, 2.15000000e-04, 4.31284462e-04, ...,
       4.20524565e-01, 4.20584743e-01, 4.20645030e-01]), 'r_I_PV': array([0., 0., 0., ..., 0., 0., 0.]), 'Time_series': array([0.0000e+00, 1.0000e-02, 2.0000e-02, ..., 9.9997e+02, 9.9998e+02,
       9.9999e+02])}}"
24,20,40,155.62918205796882,51,"{'params': {'dt': 0.01, 'T_end': 1000, 'tau_E': 20, 'theta_E': -11, 'm_E': 0.25, 'W_EE': 16, 'W_E_I_PV': 90, 'W_E_I_SOM': 90, 'W_EE_L4': 1, 'W_EE_L23': 0, 'MIN_i_E_L23': 1.4, 'm_i_E_L23': 0.2, 'exp_E': 1, 'tau_I_SOM': 10, 'theta_I_SOM': 0.65, 'm_I_SOM': 0.1, 'W_I_SOM_E': 90, 'W_I_SOM_I_PV': 0, 'W_I_SOM_I_SOM': 0.025, 'W_I_SOM_E_L4': 0, 'W_I_SOM_E_L23': 2, 'exp_I_SOM': 1, 'tau_I_PV': 10, 'theta_I_PV': 13, 'm_I_PV': 0.005, 'W_I_PV_E': 90, 'W_I_PV_I_PV': 1, 'W_I_PV_I_SOM': 1, 'W_I_PV_E_L4': 1, 'W_I_PV_E_L23': 0.5, 'exp_I_PV': 3}, 'firing_rates': {'r_E_L23': array([0.        , 0.0005    , 0.00099975, ..., 0.02279593, 0.02278454,
       0.02277314]), 'r_I_SOM': array([0.00000000e+00, 2.15000000e-04, 4.31784462e-04, ...,
       3.12561969e-01, 3.12554810e-01, 3.12547612e-01]), 'r_I_PV': array([0., 0., 0., ..., 0., 0., 0.]), 'Time_series': array([0.0000e+00, 1.0000e-02, 2.0000e-02, ..., 9.9997e+02, 9.9998e+02,
       9.9999e+02])}}"
25,20,50,36.49228059228021,64,"{'params': {'dt': 0.01, 'T_end': 1000, 'tau_E': 20, 'theta_E': -11, 'm_E': 0.25, 'W_EE': 16, 'W_E_I_PV': 90, 'W_E_I_SOM': 90, 'W_EE_L4': 1, 'W_EE_L23': 0, 'MIN_i_E_L23': 1.4, 'm_i_E_L23': 0.2, 'exp_E': 1, 'tau_I_SOM': 10, 'theta_I_SOM': 0.65, 'm_I_SOM': 0.1, 'W_I_SOM_E': 90, 'W_I_SOM_I_PV': 0, 'W_I_SOM_I_SOM': 0.025, 'W_I_SOM_E_L4': 0, 'W_I_SOM_E_L23': 2, 'exp_I_SOM': 1, 'tau_I_PV': 10, 'theta_I_PV': 13, 'm_I_PV': 0.005, 'W_I_PV_E': 90, 'W_I_PV_I_PV': 1, 'W_I_PV_I_SOM': 1, 'W_I_PV_E_L4': 1, 'W_I_PV_E_L23': 0.5, 'exp_I_PV': 3}, 'firing_rates': {'r_E_L23': array([0.        , 0.0005    , 0.00099975, ..., 0.00631816, 0.00631527,
       0.00631235]), 'r_I_SOM': array([0.00000000e+00, 2.15000000e-04, 4.32284463e-04, ...,
       2.41979525e-01, 2.41983531e-01, 2.41987519e-01]), 'r_I_PV': array([0., 0., 0., ..., 0., 0., 0.]), 'Time_series': array([0.0000e+00, 1.0000e-02, 2.0000e-02, ..., 9.9997e+02, 9.9998e+02,
       9.9999e+02])}}"
26,20,60,2.508514693532687,1,"{'params': {'dt': 0.01, 'T_end': 1000, 'tau_E': 20, 'theta_E': -11, 'm_E': 0.25, 'W_EE': 16, 'W_E_I_PV': 90, 'W_E_I_SOM': 90, 'W_EE_L4': 1, 'W_EE_L23': 0, 'MIN_i_E_L23': 1.4, 'm_i_E_L23': 0.2, 'exp_E': 1, 'tau_I_SOM': 10, 'theta_I_SOM': 0.65, 'm_I_SOM': 0.1, 'W_I_SOM_E': 90, 'W_I_SOM_I_PV': 0, 'W_I_SOM_I_SOM': 0.025, 'W_I_SOM_E_L4': 0, 'W_I_SOM_E_L23': 2, 'exp_I_SOM': 1, 'tau_I_PV': 10, 'theta_I_PV': 13, 'm_I_PV': 0.005, 'W_I_PV_E': 90, 'W_I_PV_I_PV': 1, 'W_I_PV_I_SOM': 1, 'W_I_PV_E_L4': 1, 'W_I_PV_E_L23': 0.5, 'exp_I_PV': 3}, 'firing_rates': {'r_E_L23': array([0.00000000e+00, 5.00000000e-04, 9.99750000e-04, ...,
       3.58996086e-23, 3.58816588e-23, 3.58637180e-23]), 'r_I_SOM': array([0.        , 0.000215  , 0.00043278, ..., 0.21446384, 0.21446384,
       0.21446384]), 'r_I_PV': array([0., 0., 0., ..., 0., 0., 0.]), 'Time_series': array([0.0000e+00, 1.0000e-02, 2.0000e-02, ..., 9.9997e+02, 9.9998e+02,
       9.9999e+02])}}"
27,20,70,2.035014292416993,1,"{'params': {'dt': 0.01, 'T_end': 1000, 'tau_E': 20, 'theta_E': -11, 'm_E': 0.25, 'W_EE': 16, 'W_E_I_PV': 90, 'W_E_I_SOM': 90, 'W_EE_L4': 1, 'W_EE_L23': 0, 'MIN_i_E_L23': 1.4, 'm_i_E_L23': 0.2, 'exp_E': 1, 'tau_I_SOM': 10, 'theta_I_SOM': 0.65, 'm_I_SOM': 0.1, 'W_I_SOM_E': 90, 'W_I_SOM_I_PV': 0, 'W_I_SOM_I_SOM': 0.025, 'W_I_SOM_E_L4': 0, 'W_I_SOM_E_L23': 2, 'exp_I_SOM': 1, 'tau_I_PV': 10, 'theta_I_PV': 13, 'm_I_PV': 0.005, 'W_I_PV_E': 90, 'W_I_PV_I_PV': 1, 'W_I_PV_I_SOM': 1, 'W_I_PV_E_L4': 1, 'W_I_PV_E_L23': 0.5, 'exp_I_PV': 3}, 'firing_rates': {'r_E_L23': array([0.00000000e+00, 5.00000000e-04, 9.99750000e-04, ...,
       2.91232963e-23, 2.91087346e-23, 2.90941803e-23]), 'r_I_SOM': array([0.        , 0.000215  , 0.00043328, ..., 0.21446384, 0.21446384,
       0.21446384]), 'r_I_PV': array([0., 0., 0., ..., 0., 0., 0.]), 'Time_series': array([0.0000e+00, 1.0000e-02, 2.0000e-02, ..., 9.9997e+02, 9.9998e+02,
       9.9999e+02])}}"
28,20,80,1.7126751886804041,1,"{'params': {'dt': 0.01, 'T_end': 1000, 'tau_E': 20, 'theta_E': -11, 'm_E': 0.25, 'W_EE': 16, 'W_E_I_PV': 90, 'W_E_I_SOM': 90, 'W_EE_L4': 1, 'W_EE_L23': 0, 'MIN_i_E_L23': 1.4, 'm_i_E_L23': 0.2, 'exp_E': 1, 'tau_I_SOM': 10, 'theta_I_SOM': 0.65, 'm_I_SOM': 0.1, 'W_I_SOM_E': 90, 'W_I_SOM_I_PV': 0, 'W_I_SOM_I_SOM': 0.025, 'W_I_SOM_E_L4': 0, 'W_I_SOM_E_L23': 2, 'exp_I_SOM': 1, 'tau_I_PV': 10, 'theta_I_PV': 13, 'm_I_PV': 0.005, 'W_I_PV_E': 90, 'W_I_PV_I_PV': 1, 'W_I_PV_I_SOM': 1, 'W_I_PV_E_L4': 1, 'W_I_PV_E_L23': 0.5, 'exp_I_PV': 3}, 'firing_rates': {'r_E_L23': array([0.00000000e+00, 5.00000000e-04, 9.99750000e-04, ...,
       2.45102686e-23, 2.44980135e-23, 2.44857645e-23]), 'r_I_SOM': array([0.        , 0.000215  , 0.00043378, ..., 0.21446384, 0.21446384,
       0.21446384]), 'r_I_PV': array([0., 0., 0., ..., 0., 0., 0.]), 'Time_series': array([0.0000e+00, 1.0000e-02, 2.0000e-02, ..., 9.9997e+02, 9.9998e+02,
       9.9999e+02])}}"
29,20,90,1.4789038385297923,1,"{'params': {'dt': 0.01, 'T_end': 1000, 'tau_E': 20, 'theta_E': -11, 'm_E': 0.25, 'W_EE': 16, 'W_E_I_PV': 90, 'W_E_I_SOM': 90, 'W_EE_L4': 1, 'W_EE_L23': 0, 'MIN_i_E_L23': 1.4, 'm_i_E_L23': 0.2, 'exp_E': 1, 'tau_I_SOM': 10, 'theta_I_SOM': 0.65, 'm_I_SOM': 0.1, 'W_I_SOM_E': 90, 'W_I_SOM_I_PV': 0, 'W_I_SOM_I_SOM': 0.025, 'W_I_SOM_E_L4': 0, 'W_I_SOM_E_L23': 2, 'exp_I_SOM': 1, 'tau_I_PV': 10, 'theta_I_PV': 13, 'm_I_PV': 0.005, 'W_I_PV_E': 90, 'W_I_PV_I_PV': 1, 'W_I_PV_I_SOM': 1, 'W_I_PV_E_L4': 1, 'W_I_PV_E_L23': 0.5, 'exp_I_PV': 3}, 'firing_rates': {'r_E_L23': array([0.00000000e+00, 5.00000000e-04, 9.99750000e-04, ...,
       2.11647431e-23, 2.11541607e-23, 2.11435836e-23]), 'r_I_SOM': array([0.        , 0.000215  , 0.00043428, ..., 0.21446384, 0.21446384,
       0.21446384]), 'r_I_PV': array([0., 0., 0., ..., 0., 0., 0.]), 'Time_series': array([0.0000e+00, 1.0000e-02, 2.0000e-02, ..., 9.9997e+02, 9.9998e+02,
       9.9999e+02])}}"
30,30,0,2156.044157615165,75,"{'params': {'dt': 0.01, 'T_end': 1000, 'tau_E': 20, 'theta_E': -11, 'm_E': 0.25, 'W_EE': 16, 'W_E_I_PV': 90, 'W_E_I_SOM': 90, 'W_EE_L4': 1, 'W_EE_L23': 0, 'MIN_i_E_L23': 1.4, 'm_i_E_L23': 0.2, 'exp_E': 1, 'tau_I_SOM': 10, 'theta_I_SOM': 0.65, 'm_I_SOM': 0.1, 'W_I_SOM_E': 90, 'W_I_SOM_I_PV': 0, 'W_I_SOM_I_SOM': 0.025, 'W_I_SOM_E_L4': 0, 'W_I_SOM_E_L23': 2, 'exp_I_SOM': 1, 'tau_I_PV': 10, 'theta_I_PV': 13, 'm_I_PV': 0.005, 'W_I_PV_E': 90, 'W_I_PV_I_PV': 1, 'W_I_PV_I_SOM': 1, 'W_I_PV_E_L4': 1, 'W_I_PV_E_L23': 0.5, 'exp_I_PV': 3}, 'firing_rates': {'r_E_L23': array([0.00000000e+00, 5.00000000e-04, 9.99750000e-04, ...,
       5.65972310e-01, 5.66189324e-01, 5.66406229e-01]), 'r_I_SOM': array([0.        , 0.000215  , 0.00042978, ..., 0.21446384, 0.21446384,
       0.21446384]), 'r_I_PV': array([0.        , 0.        , 0.        , ..., 0.53935752, 0.53941558,
       0.53947594]), 'Time_series': array([0.0000e+00, 1.0000e-02, 2.0000e-02, ..., 9.9997e+02, 9.9998e+02,
       9.9999e+02])}}"
31,30,10,2556.7073648772007,67,"{'params': {'dt': 0.01, 'T_end': 1000, 'tau_E': 20, 'theta_E': -11, 'm_E': 0.25, 'W_EE': 16, 'W_E_I_PV': 90, 'W_E_I_SOM': 90, 'W_EE_L4': 1, 'W_EE_L23': 0, 'MIN_i_E_L23': 1.4, 'm_i_E_L23': 0.2, 'exp_E': 1, 'tau_I_SOM': 10, 'theta_I_SOM': 0.65, 'm_I_SOM': 0.1, 'W_I_SOM_E': 90, 'W_I_SOM_I_PV': 0, 'W_I_SOM_I_SOM': 0.025, 'W_I_SOM_E_L4': 0, 'W_I_SOM_E_L23': 2, 'exp_I_SOM': 1, 'tau_I_PV': 10, 'theta_I_PV': 13, 'm_I_PV': 0.005, 'W_I_PV_E': 90, 'W_I_PV_I_PV': 1, 'W_I_PV_I_SOM': 1, 'W_I_PV_E_L4': 1, 'W_I_PV_E_L23': 0.5, 'exp_I_PV': 3}, 'firing_rates': {'r_E_L23': array([0.        , 0.0005    , 0.00099975, ..., 0.4971432 , 0.49696413,
       0.49678603]), 'r_I_SOM': array([0.00000000e+00, 2.15000000e-04, 4.30284463e-04, ...,
       7.59669573e-01, 7.59620147e-01, 7.59570592e-01]), 'r_I_PV': array([0.        , 0.        , 0.        , ..., 0.39338863, 0.39306979,
       0.39275082]), 'Time_series': array([0.0000e+00, 1.0000e-02, 2.0000e-02, ..., 9.9997e+02, 9.9998e+02,
       9.9999e+02])}}"
32,30,20,6016.046130468589,20,"{'params': {'dt': 0.01, 'T_end': 1000, 'tau_E': 20, 'theta_E': -11, 'm_E': 0.25, 'W_EE': 16, 'W_E_I_PV': 90, 'W_E_I_SOM': 90, 'W_EE_L4': 1, 'W_EE_L23': 0, 'MIN_i_E_L23': 1.4, 'm_i_E_L23': 0.2, 'exp_E': 1, 'tau_I_SOM': 10, 'theta_I_SOM': 0.65, 'm_I_SOM': 0.1, 'W_I_SOM_E': 90, 'W_I_SOM_I_PV': 0, 'W_I_SOM_I_SOM': 0.025, 'W_I_SOM_E_L4': 0, 'W_I_SOM_E_L23': 2, 'exp_I_SOM': 1, 'tau_I_PV': 10, 'theta_I_PV': 13, 'm_I_PV': 0.005, 'W_I_PV_E': 90, 'W_I_PV_I_PV': 1, 'W_I_PV_I_SOM': 1, 'W_I_PV_E_L4': 1, 'W_I_PV_E_L23': 0.5, 'exp_I_PV': 3}, 'firing_rates': {'r_E_L23': array([0.        , 0.0005    , 0.00099975, ..., 0.45813852, 0.45799418,
       0.45784939]), 'r_I_SOM': array([0.00000000e+00, 2.15000000e-04, 4.30784463e-04, ...,
       9.02391007e-01, 9.02488616e-01, 9.02586127e-01]), 'r_I_PV': array([0.        , 0.        , 0.        , ..., 0.0201518 , 0.02014926,
       0.02014657]), 'Time_series': array([0.0000e+00, 1.0000e-02, 2.0000e-02, ..., 9.9997e+02, 9.9998e+02,
       9.9999e+02])}}"
33,30,30,913.1291198205702,37,"{'params': {'dt': 0.01, 'T_end': 1000, 'tau_E': 20, 'theta_E': -11, 'm_E': 0.25, 'W_EE': 16, 'W_E_I_PV': 90, 'W_E_I_SOM': 90, 'W_EE_L4': 1, 'W_EE_L23': 0, 'MIN_i_E_L23': 1.4, 'm_i_E_L23': 0.2, 'exp_E': 1, 'tau_I_SOM': 10, 'theta_I_SOM': 0.65, 'm_I_SOM': 0.1, 'W_I_SOM_E': 90, 'W_I_SOM_I_PV': 0, 'W_I_SOM_I_SOM': 0.025, 'W_I_SOM_E_L4': 0, 'W_I_SOM_E_L23': 2, 'exp_I_SOM': 1, 'tau_I_PV': 10, 'theta_I_PV': 13, 'm_I_PV': 0.005, 'W_I_PV_E': 90, 'W_I_PV_I_PV': 1, 'W_I_PV_I_SOM': 1, 'W_I_PV_E_L4': 1, 'W_I_PV_E_L23': 0.5, 'exp_I_PV': 3}, 'firing_rates': {'r_E_L23': array([0.        , 0.0005    , 0.00099975, ..., 0.08891788, 0.08897429,
       0.08903056]), 'r_I_SOM': array([0.00000000e+00, 2.15000000e-04, 4.31284462e-04, ...,
       4.20524565e-01, 4.20584743e-01, 4.20645030e-01]), 'r_I_PV': array([0., 0., 0., ..., 0., 0., 0.]), 'Time_series': array([0.0000e+00, 1.0000e-02, 2.0000e-02, ..., 9.9997e+02, 9.9998e+02,
       9.9999e+02])}}"
34,30,40,155.62918205796882,51,"{'params': {'dt': 0.01, 'T_end': 1000, 'tau_E': 20, 'theta_E': -11, 'm_E': 0.25, 'W_EE': 16, 'W_E_I_PV': 90, 'W_E_I_SOM': 90, 'W_EE_L4': 1, 'W_EE_L23': 0, 'MIN_i_E_L23': 1.4, 'm_i_E_L23': 0.2, 'exp_E': 1, 'tau_I_SOM': 10, 'theta_I_SOM': 0.65, 'm_I_SOM': 0.1, 'W_I_SOM_E': 90, 'W_I_SOM_I_PV': 0, 'W_I_SOM_I_SOM': 0.025, 'W_I_SOM_E_L4': 0, 'W_I_SOM_E_L23': 2, 'exp_I_SOM': 1, 'tau_I_PV': 10, 'theta_I_PV': 13, 'm_I_PV': 0.005, 'W_I_PV_E': 90, 'W_I_PV_I_PV': 1, 'W_I_PV_I_SOM': 1, 'W_I_PV_E_L4': 1, 'W_I_PV_E_L23': 0.5, 'exp_I_PV': 3}, 'firing_rates': {'r_E_L23': array([0.        , 0.0005    , 0.00099975, ..., 0.02279593, 0.02278454,
       0.02277314]), 'r_I_SOM': array([0.00000000e+00, 2.15000000e-04, 4.31784462e-04, ...,
       3.12561969e-01, 3.12554810e-01, 3.12547612e-01]), 'r_I_PV': array([0., 0., 0., ..., 0., 0., 0.]), 'Time_series': array([0.0000e+00, 1.0000e-02, 2.0000e-02, ..., 9.9997e+02, 9.9998e+02,
       9.9999e+02])}}"
35,30,50,36.49228059228021,64,"{'params': {'dt': 0.01, 'T_end': 1000, 'tau_E': 20, 'theta_E': -11, 'm_E': 0.25, 'W_EE': 16, 'W_E_I_PV': 90, 'W_E_I_SOM': 90, 'W_EE_L4': 1, 'W_EE_L23': 0, 'MIN_i_E_L23': 1.4, 'm_i_E_L23': 0.2, 'exp_E': 1, 'tau_I_SOM': 10, 'theta_I_SOM': 0.65, 'm_I_SOM': 0.1, 'W_I_SOM_E': 90, 'W_I_SOM_I_PV': 0, 'W_I_SOM_I_SOM': 0.025, 'W_I_SOM_E_L4': 0, 'W_I_SOM_E_L23': 2, 'exp_I_SOM': 1, 'tau_I_PV': 10, 'theta_I_PV': 13, 'm_I_PV': 0.005, 'W_I_PV_E': 90, 'W_I_PV_I_PV': 1, 'W_I_PV_I_SOM': 1, 'W_I_PV_E_L4': 1, 'W_I_PV_E_L23': 0.5, 'exp_I_PV': 3}, 'firing_rates': {'r_E_L23': array([0.        , 0.0005    , 0.00099975, ..., 0.00631816, 0.00631527,
       0.00631235]), 'r_I_SOM': array([0.00000000e+00, 2.15000000e-04, 4.32284463e-04, ...,
       2.41979525e-01, 2.41983531e-01, 2.41987519e-01]), 'r_I_PV': array([0., 0., 0., ..., 0., 0., 0.]), 'Time_series': array([0.0000e+00, 1.0000e-02, 2.0000e-02, ..., 9.9997e+02, 9.9998e+02,
       9.9999e+02])}}"
36,30,60,2.508514693532687,1,"{'params': {'dt': 0.01, 'T_end': 1000, 'tau_E': 20, 'theta_E': -11, 'm_E': 0.25, 'W_EE': 16, 'W_E_I_PV': 90, 'W_E_I_SOM': 90, 'W_EE_L4': 1, 'W_EE_L23': 0, 'MIN_i_E_L23': 1.4, 'm_i_E_L23': 0.2, 'exp_E': 1, 'tau_I_SOM': 10, 'theta_I_SOM': 0.65, 'm_I_SOM': 0.1, 'W_I_SOM_E': 90, 'W_I_SOM_I_PV': 0, 'W_I_SOM_I_SOM': 0.025, 'W_I_SOM_E_L4': 0, 'W_I_SOM_E_L23': 2, 'exp_I_SOM': 1, 'tau_I_PV': 10, 'theta_I_PV': 13, 'm_I_PV': 0.005, 'W_I_PV_E': 90, 'W_I_PV_I_PV': 1, 'W_I_PV_I_SOM': 1, 'W_I_PV_E_L4': 1, 'W_I_PV_E_L23': 0.5, 'exp_I_PV': 3}, 'firing_rates': {'r_E_L23': array([0.00000000e+00, 5.00000000e-04, 9.99750000e-04, ...,
       3.58996086e-23, 3.58816588e-23, 3.58637180e-23]), 'r_I_SOM': array([0.        , 0.000215  , 0.00043278, ..., 0.21446384, 0.21446384,
       0.21446384]), 'r_I_PV': array([0., 0., 0., ..., 0., 0., 0.]), 'Time_series': array([0.0000e+00, 1.0000e-02, 2.0000e-02, ..., 9.9997e+02, 9.9998e+02,
       9.9999e+02])}}"
37,30,70,2.035014292416993,1,"{'params': {'dt': 0.01, 'T_end': 1000, 'tau_E': 20, 'theta_E': -11, 'm_E': 0.25, 'W_EE': 16, 'W_E_I_PV': 90, 'W_E_I_SOM': 90, 'W_EE_L4': 1, 'W_EE_L23': 0, 'MIN_i_E_L23': 1.4, 'm_i_E_L23': 0.2, 'exp_E': 1, 'tau_I_SOM': 10, 'theta_I_SOM': 0.65, 'm_I_SOM': 0.1, 'W_I_SOM_E': 90, 'W_I_SOM_I_PV': 0, 'W_I_SOM_I_SOM': 0.025, 'W_I_SOM_E_L4': 0, 'W_I_SOM_E_L23': 2, 'exp_I_SOM': 1, 'tau_I_PV': 10, 'theta_I_PV': 13, 'm_I_PV': 0.005, 'W_I_PV_E': 90, 'W_I_PV_I_PV': 1, 'W_I_PV_I_SOM': 1, 'W_I_PV_E_L4': 1, 'W_I_PV_E_L23': 0.5, 'exp_I_PV': 3}, 'firing_rates': {'r_E_L23': array([0.00000000e+00, 5.00000000e-04, 9.99750000e-04, ...,
       2.91232963e-23, 2.91087346e-23, 2.90941803e-23]), 'r_I_SOM': array([0.        , 0.000215  , 0.00043328, ..., 0.21446384, 0.21446384,
       0.21446384]), 'r_I_PV': array([0., 0., 0., ..., 0., 0., 0.]), 'Time_series': array([0.0000e+00, 1.0000e-02, 2.0000e-02, ..., 9.9997e+02, 9.9998e+02,
       9.9999e+02])}}"
38,30,80,1.7126751886804041,1,"{'params': {'dt': 0.01, 'T_end': 1000, 'tau_E': 20, 'theta_E': -11, 'm_E': 0.25, 'W_EE': 16, 'W_E_I_PV': 90, 'W_E_I_SOM': 90, 'W_EE_L4': 1, 'W_EE_L23': 0, 'MIN_i_E_L23': 1.4, 'm_i_E_L23': 0.2, 'exp_E': 1, 'tau_I_SOM': 10, 'theta_I_SOM': 0.65, 'm_I_SOM': 0.1, 'W_I_SOM_E': 90, 'W_I_SOM_I_PV': 0, 'W_I_SOM_I_SOM': 0.025, 'W_I_SOM_E_L4': 0, 'W_I_SOM_E_L23': 2, 'exp_I_SOM': 1, 'tau_I_PV': 10, 'theta_I_PV': 13, 'm_I_PV': 0.005, 'W_I_PV_E': 90, 'W_I_PV_I_PV': 1, 'W_I_PV_I_SOM': 1, 'W_I_PV_E_L4': 1, 'W_I_PV_E_L23': 0.5, 'exp_I_PV': 3}, 'firing_rates': {'r_E_L23': array([0.00000000e+00, 5.00000000e-04, 9.99750000e-04, ...,
       2.45102686e-23, 2.44980135e-23, 2.44857645e-23]), 'r_I_SOM': array([0.        , 0.000215  , 0.00043378, ..., 0.21446384, 0.21446384,
       0.21446384]), 'r_I_PV': array([0., 0., 0., ..., 0., 0., 0.]), 'Time_series': array([0.0000e+00, 1.0000e-02, 2.0000e-02, ..., 9.9997e+02, 9.9998e+02,
       9.9999e+02])}}"
39,30,90,1.4789038385297923,1,"{'params': {'dt': 0.01, 'T_end': 1000, 'tau_E': 20, 'theta_E': -11, 'm_E': 0.25, 'W_EE': 16, 'W_E_I_PV': 90, 'W_E_I_SOM': 90, 'W_EE_L4': 1, 'W_EE_L23': 0, 'MIN_i_E_L23': 1.4, 'm_i_E_L23': 0.2, 'exp_E': 1, 'tau_I_SOM': 10, 'theta_I_SOM': 0.65, 'm_I_SOM': 0.1, 'W_I_SOM_E': 90, 'W_I_SOM_I_PV': 0, 'W_I_SOM_I_SOM': 0.025, 'W_I_SOM_E_L4': 0, 'W_I_SOM_E_L23': 2, 'exp_I_SOM': 1, 'tau_I_PV': 10, 'theta_I_PV': 13, 'm_I_PV': 0.005, 'W_I_PV_E': 90, 'W_I_PV_I_PV': 1, 'W_I_PV_I_SOM': 1, 'W_I_PV_E_L4': 1, 'W_I_PV_E_L23': 0.5, 'exp_I_PV': 3}, 'firing_rates': {'r_E_L23': array([0.00000000e+00, 5.00000000e-04, 9.99750000e-04, ...,
       2.11647431e-23, 2.11541607e-23, 2.11435836e-23]), 'r_I_SOM': array([0.        , 0.000215  , 0.00043428, ..., 0.21446384, 0.21446384,
       0.21446384]), 'r_I_PV': array([0., 0., 0., ..., 0., 0., 0.]), 'Time_series': array([0.0000e+00, 1.0000e-02, 2.0000e-02, ..., 9.9997e+02, 9.9998e+02,
       9.9999e+02])}}"
40,40,0,1387.0906149325501,94,"{'params': {'dt': 0.01, 'T_end': 1000, 'tau_E': 20, 'theta_E': -11, 'm_E': 0.25, 'W_EE': 16, 'W_E_I_PV': 90, 'W_E_I_SOM': 90, 'W_EE_L4': 1, 'W_EE_L23': 0, 'MIN_i_E_L23': 1.4, 'm_i_E_L23': 0.2, 'exp_E': 1, 'tau_I_SOM': 10, 'theta_I_SOM': 0.65, 'm_I_SOM': 0.1, 'W_I_SOM_E': 90, 'W_I_SOM_I_PV': 0, 'W_I_SOM_I_SOM': 0.025, 'W_I_SOM_E_L4': 0, 'W_I_SOM_E_L23': 2, 'exp_I_SOM': 1, 'tau_I_PV': 10, 'theta_I_PV': 13, 'm_I_PV': 0.005, 'W_I_PV_E': 90, 'W_I_PV_I_PV': 1, 'W_I_PV_I_SOM': 1, 'W_I_PV_E_L4': 1, 'W_I_PV_E_L23': 0.5, 'exp_I_PV': 3}, 'firing_rates': {'r_E_L23': array([0.        , 0.0005    , 0.00099975, ..., 0.36209755, 0.36212767,
       0.36215943]), 'r_I_SOM': array([0.        , 0.000215  , 0.00042978, ..., 0.21446384, 0.21446384,
       0.21446384]), 'r_I_PV': array([0.        , 0.        , 0.        , ..., 0.40260428, 0.40228624,
       0.40196866]), 'Time_series': array([0.0000e+00, 1.0000e-02, 2.0000e-02, ..., 9.9997e+02, 9.9998e+02,
       9.9999e+02])}}"
41,40,10,2042.1129102330747,78,"{'params': {'dt': 0.01, 'T_end': 1000, 'tau_E': 20, 'theta_E': -11, 'm_E': 0.25, 'W_EE': 16, 'W_E_I_PV': 90, 'W_E_I_SOM': 90, 'W_EE_L4': 1, 'W_EE_L23': 0, 'MIN_i_E_L23': 1.4, 'm_i_E_L23': 0.2, 'exp_E': 1, 'tau_I_SOM': 10, 'theta_I_SOM': 0.65, 'm_I_SOM': 0.1, 'W_I_SOM_E': 90, 'W_I_SOM_I_PV': 0, 'W_I_SOM_I_SOM': 0.025, 'W_I_SOM_E_L4': 0, 'W_I_SOM_E_L23': 2, 'exp_I_SOM': 1, 'tau_I_PV': 10, 'theta_I_PV': 13, 'm_I_PV': 0.005, 'W_I_PV_E': 90, 'W_I_PV_I_PV': 1, 'W_I_PV_I_SOM': 1, 'W_I_PV_E_L4': 1, 'W_I_PV_E_L23': 0.5, 'exp_I_PV': 3}, 'firing_rates': {'r_E_L23': array([0.        , 0.0005    , 0.00099975, ..., 0.42276912, 0.42255774,
       0.42234646]), 'r_I_SOM': array([0.00000000e+00, 2.15000000e-04, 4.30284463e-04, ...,
       6.06377074e-01, 6.06406950e-01, 6.06436584e-01]), 'r_I_PV': array([0.        , 0.        , 0.        , ..., 0.33236858, 0.33254611,
       0.33272064]), 'Time_series': array([0.0000e+00, 1.0000e-02, 2.0000e-02, ..., 9.9997e+02, 9.9998e+02,
       9.9999e+02])}}"
42,40,20,4235.421369195737,28,"{'params': {'dt': 0.01, 'T_end': 1000, 'tau_E': 20, 'theta_E': -11, 'm_E': 0.25, 'W_EE': 16, 'W_E_I_PV': 90, 'W_E_I_SOM': 90, 'W_EE_L4': 1, 'W_EE_L23': 0, 'MIN_i_E_L23': 1.4, 'm_i_E_L23': 0.2, 'exp_E': 1, 'tau_I_SOM': 10, 'theta_I_SOM': 0.65, 'm_I_SOM': 0.1, 'W_I_SOM_E': 90, 'W_I_SOM_I_PV': 0, 'W_I_SOM_I_SOM': 0.025, 'W_I_SOM_E_L4': 0, 'W_I_SOM_E_L23': 2, 'exp_I_SOM': 1, 'tau_I_PV': 10, 'theta_I_PV': 13, 'm_I_PV': 0.005, 'W_I_PV_E': 90, 'W_I_PV_I_PV': 1, 'W_I_PV_I_SOM': 1, 'W_I_PV_E_L4': 1, 'W_I_PV_E_L23': 0.5, 'exp_I_PV': 3}, 'firing_rates': {'r_E_L23': array([0.        , 0.0005    , 0.00099975, ..., 0.23831962, 0.23820046,
       0.23808136]), 'r_I_SOM': array([0.00000000e+00, 2.15000000e-04, 4.30784463e-04, ...,
       7.93409759e-01, 7.93306005e-01, 7.93202117e-01]), 'r_I_PV': array([0.        , 0.        , 0.        , ..., 0.02726476, 0.02723749,
       0.02721026]), 'Time_series': array([0.0000e+00, 1.0000e-02, 2.0000e-02, ..., 9.9997e+02, 9.9998e+02,
       9.9999e+02])}}"
43,40,30,913.4546527822325,37,"{'params': {'dt': 0.01, 'T_end': 1000, 'tau_E': 20, 'theta_E': -11, 'm_E': 0.25, 'W_EE': 16, 'W_E_I_PV': 90, 'W_E_I_SOM': 90, 'W_EE_L4': 1, 'W_EE_L23': 0, 'MIN_i_E_L23': 1.4, 'm_i_E_L23': 0.2, 'exp_E': 1, 'tau_I_SOM': 10, 'theta_I_SOM': 0.65, 'm_I_SOM': 0.1, 'W_I_SOM_E': 90, 'W_I_SOM_I_PV': 0, 'W_I_SOM_I_SOM': 0.025, 'W_I_SOM_E_L4': 0, 'W_I_SOM_E_L23': 2, 'exp_I_SOM': 1, 'tau_I_PV': 10, 'theta_I_PV': 13, 'm_I_PV': 0.005, 'W_I_PV_E': 90, 'W_I_PV_I_PV': 1, 'W_I_PV_I_SOM': 1, 'W_I_PV_E_L4': 1, 'W_I_PV_E_L23': 0.5, 'exp_I_PV': 3}, 'firing_rates': {'r_E_L23': array([0.        , 0.0005    , 0.00099975, ..., 0.09416565, 0.09420301,
       0.09424017]), 'r_I_SOM': array([0.00000000e+00, 2.15000000e-04, 4.31284462e-04, ...,
       4.27702783e-01, 4.27771508e-01, 4.27840276e-01]), 'r_I_PV': array([0.00000000e+00, 0.00000000e+00, 0.00000000e+00, ...,
       3.26212548e-45, 3.25886335e-45, 3.25560449e-45]), 'Time_series': array([0.0000e+00, 1.0000e-02, 2.0000e-02, ..., 9.9997e+02, 9.9998e+02,
       9.9999e+02])}}"
44,40,40,155.62918205796882,51,"{'params': {'dt': 0.01, 'T_end': 1000, 'tau_E': 20, 'theta_E': -11, 'm_E': 0.25, 'W_EE': 16, 'W_E_I_PV': 90, 'W_E_I_SOM': 90, 'W_EE_L4': 1, 'W_EE_L23': 0, 'MIN_i_E_L23': 1.4, 'm_i_E_L23': 0.2, 'exp_E': 1, 'tau_I_SOM': 10, 'theta_I_SOM': 0.65, 'm_I_SOM': 0.1, 'W_I_SOM_E': 90, 'W_I_SOM_I_PV': 0, 'W_I_SOM_I_SOM': 0.025, 'W_I_SOM_E_L4': 0, 'W_I_SOM_E_L23': 2, 'exp_I_SOM': 1, 'tau_I_PV': 10, 'theta_I_PV': 13, 'm_I_PV': 0.005, 'W_I_PV_E': 90, 'W_I_PV_I_PV': 1, 'W_I_PV_I_SOM': 1, 'W_I_PV_E_L4': 1, 'W_I_PV_E_L23': 0.5, 'exp_I_PV': 3}, 'firing_rates': {'r_E_L23': array([0.        , 0.0005    , 0.00099975, ..., 0.02279593, 0.02278454,
       0.02277314]), 'r_I_SOM': array([0.00000000e+00, 2.15000000e-04, 4.31784462e-04, ...,
       3.12561969e-01, 3.12554810e-01, 3.12547612e-01]), 'r_I_PV': array([0., 0., 0., ..., 0., 0., 0.]), 'Time_series': array([0.0000e+00, 1.0000e-02, 2.0000e-02, ..., 9.9997e+02, 9.9998e+02,
       9.9999e+02])}}"
45,40,50,36.49228059228021,64,"{'params': {'dt': 0.01, 'T_end': 1000, 'tau_E': 20, 'theta_E': -11, 'm_E': 0.25, 'W_EE': 16, 'W_E_I_PV': 90, 'W_E_I_SOM': 90, 'W_EE_L4': 1, 'W_EE_L23': 0, 'MIN_i_E_L23': 1.4, 'm_i_E_L23': 0.2, 'exp_E': 1, 'tau_I_SOM': 10, 'theta_I_SOM': 0.65, 'm_I_SOM': 0.1, 'W_I_SOM_E': 90, 'W_I_SOM_I_PV': 0, 'W_I_SOM_I_SOM': 0.025, 'W_I_SOM_E_L4': 0, 'W_I_SOM_E_L23': 2, 'exp_I_SOM': 1, 'tau_I_PV': 10, 'theta_I_PV': 13, 'm_I_PV': 0.005, 'W_I_PV_E': 90, 'W_I_PV_I_PV': 1, 'W_I_PV_I_SOM': 1, 'W_I_PV_E_L4': 1, 'W_I_PV_E_L23': 0.5, 'exp_I_PV': 3}, 'firing_rates': {'r_E_L23': array([0.        , 0.0005    , 0.00099975, ..., 0.00631816, 0.00631527,
       0.00631235]), 'r_I_SOM': array([0.00000000e+00, 2.15000000e-04, 4.32284463e-04, ...,
       2.41979525e-01, 2.41983531e-01, 2.41987519e-01]), 'r_I_PV': array([0., 0., 0., ..., 0., 0., 0.]), 'Time_series': array([0.0000e+00, 1.0000e-02, 2.0000e-02, ..., 9.9997e+02, 9.9998e+02,
       9.9999e+02])}}"
46,40,60,2.508514693532687,1,"{'params': {'dt': 0.01, 'T_end': 1000, 'tau_E': 20, 'theta_E': -11, 'm_E': 0.25, 'W_EE': 16, 'W_E_I_PV': 90, 'W_E_I_SOM': 90, 'W_EE_L4': 1, 'W_EE_L23': 0, 'MIN_i_E_L23': 1.4, 'm_i_E_L23': 0.2, 'exp_E': 1, 'tau_I_SOM': 10, 'theta_I_SOM': 0.65, 'm_I_SOM': 0.1, 'W_I_SOM_E': 90, 'W_I_SOM_I_PV': 0, 'W_I_SOM_I_SOM': 0.025, 'W_I_SOM_E_L4': 0, 'W_I_SOM_E_L23': 2, 'exp_I_SOM': 1, 'tau_I_PV': 10, 'theta_I_PV': 13, 'm_I_PV': 0.005, 'W_I_PV_E': 90, 'W_I_PV_I_PV': 1, 'W_I_PV_I_SOM': 1, 'W_I_PV_E_L4': 1, 'W_I_PV_E_L23': 0.5, 'exp_I_PV': 3}, 'firing_rates': {'r_E_L23': array([0.00000000e+00, 5.00000000e-04, 9.99750000e-04, ...,
       3.58996086e-23, 3.58816588e-23, 3.58637180e-23]), 'r_I_SOM': array([0.        , 0.000215  , 0.00043278, ..., 0.21446384, 0.21446384,
       0.21446384]), 'r_I_PV': array([0., 0., 0., ..., 0., 0., 0.]), 'Time_series': array([0.0000e+00, 1.0000e-02, 2.0000e-02, ..., 9.9997e+02, 9.9998e+02,
       9.9999e+02])}}"
47,40,70,2.035014292416993,1,"{'params': {'dt': 0.01, 'T_end': 1000, 'tau_E': 20, 'theta_E': -11, 'm_E': 0.25, 'W_EE': 16, 'W_E_I_PV': 90, 'W_E_I_SOM': 90, 'W_EE_L4': 1, 'W_EE_L23': 0, 'MIN_i_E_L23': 1.4, 'm_i_E_L23': 0.2, 'exp_E': 1, 'tau_I_SOM': 10, 'theta_I_SOM': 0.65, 'm_I_SOM': 0.1, 'W_I_SOM_E': 90, 'W_I_SOM_I_PV': 0, 'W_I_SOM_I_SOM': 0.025, 'W_I_SOM_E_L4': 0, 'W_I_SOM_E_L23': 2, 'exp_I_SOM': 1, 'tau_I_PV': 10, 'theta_I_PV': 13, 'm_I_PV': 0.005, 'W_I_PV_E': 90, 'W_I_PV_I_PV': 1, 'W_I_PV_I_SOM': 1, 'W_I_PV_E_L4': 1, 'W_I_PV_E_L23': 0.5, 'exp_I_PV': 3}, 'firing_rates': {'r_E_L23': array([0.00000000e+00, 5.00000000e-04, 9.99750000e-04, ...,
       2.91232963e-23, 2.91087346e-23, 2.90941803e-23]), 'r_I_SOM': array([0.        , 0.000215  , 0.00043328, ..., 0.21446384, 0.21446384,
       0.21446384]), 'r_I_PV': array([0., 0., 0., ..., 0., 0., 0.]), 'Time_series': array([0.0000e+00, 1.0000e-02, 2.0000e-02, ..., 9.9997e+02, 9.9998e+02,
       9.9999e+02])}}"
48,40,80,1.7126751886804041,1,"{'params': {'dt': 0.01, 'T_end': 1000, 'tau_E': 20, 'theta_E': -11, 'm_E': 0.25, 'W_EE': 16, 'W_E_I_PV': 90, 'W_E_I_SOM': 90, 'W_EE_L4': 1, 'W_EE_L23': 0, 'MIN_i_E_L23': 1.4, 'm_i_E_L23': 0.2, 'exp_E': 1, 'tau_I_SOM': 10, 'theta_I_SOM': 0.65, 'm_I_SOM': 0.1, 'W_I_SOM_E': 90, 'W_I_SOM_I_PV': 0, 'W_I_SOM_I_SOM': 0.025, 'W_I_SOM_E_L4': 0, 'W_I_SOM_E_L23': 2, 'exp_I_SOM': 1, 'tau_I_PV': 10, 'theta_I_PV': 13, 'm_I_PV': 0.005, 'W_I_PV_E': 90, 'W_I_PV_I_PV': 1, 'W_I_PV_I_SOM': 1, 'W_I_PV_E_L4': 1, 'W_I_PV_E_L23': 0.5, 'exp_I_PV': 3}, 'firing_rates': {'r_E_L23': array([0.00000000e+00, 5.00000000e-04, 9.99750000e-04, ...,
       2.45102686e-23, 2.44980135e-23, 2.44857645e-23]), 'r_I_SOM': array([0.        , 0.000215  , 0.00043378, ..., 0.21446384, 0.21446384,
       0.21446384]), 'r_I_PV': array([0., 0., 0., ..., 0., 0., 0.]), 'Time_series': array([0.0000e+00, 1.0000e-02, 2.0000e-02, ..., 9.9997e+02, 9.9998e+02,
       9.9999e+02])}}"
49,40,90,1.4789038385297923,1,"{'params': {'dt': 0.01, 'T_end': 1000, 'tau_E': 20, 'theta_E': -11, 'm_E': 0.25, 'W_EE': 16, 'W_E_I_PV': 90, 'W_E_I_SOM': 90, 'W_EE_L4': 1, 'W_EE_L23': 0, 'MIN_i_E_L23': 1.4, 'm_i_E_L23': 0.2, 'exp_E': 1, 'tau_I_SOM': 10, 'theta_I_SOM': 0.65, 'm_I_SOM': 0.1, 'W_I_SOM_E': 90, 'W_I_SOM_I_PV': 0, 'W_I_SOM_I_SOM': 0.025, 'W_I_SOM_E_L4': 0, 'W_I_SOM_E_L23': 2, 'exp_I_SOM': 1, 'tau_I_PV': 10, 'theta_I_PV': 13, 'm_I_PV': 0.005, 'W_I_PV_E': 90, 'W_I_PV_I_PV': 1, 'W_I_PV_I_SOM': 1, 'W_I_PV_E_L4': 1, 'W_I_PV_E_L23': 0.5, 'exp_I_PV': 3}, 'firing_rates': {'r_E_L23': array([0.00000000e+00, 5.00000000e-04, 9.99750000e-04, ...,
       2.11647431e-23, 2.11541607e-23, 2.11435836e-23]), 'r_I_SOM': array([0.        , 0.000215  , 0.00043428, ..., 0.21446384, 0.21446384,
       0.21446384]), 'r_I_PV': array([0., 0., 0., ..., 0., 0., 0.]), 'Time_series': array([0.0000e+00, 1.0000e-02, 2.0000e-02, ..., 9.9997e+02, 9.9998e+02,
       9.9999e+02])}}"
50,50,0,1311.827272582602,105,"{'params': {'dt': 0.01, 'T_end': 1000, 'tau_E': 20, 'theta_E': -11, 'm_E': 0.25, 'W_EE': 16, 'W_E_I_PV': 90, 'W_E_I_SOM': 90, 'W_EE_L4': 1, 'W_EE_L23': 0, 'MIN_i_E_L23': 1.4, 'm_i_E_L23': 0.2, 'exp_E': 1, 'tau_I_SOM': 10, 'theta_I_SOM': 0.65, 'm_I_SOM': 0.1, 'W_I_SOM_E': 90, 'W_I_SOM_I_PV': 0, 'W_I_SOM_I_SOM': 0.025, 'W_I_SOM_E_L4': 0, 'W_I_SOM_E_L23': 2, 'exp_I_SOM': 1, 'tau_I_PV': 10, 'theta_I_PV': 13, 'm_I_PV': 0.005, 'W_I_PV_E': 90, 'W_I_PV_I_PV': 1, 'W_I_PV_I_SOM': 1, 'W_I_PV_E_L4': 1, 'W_I_PV_E_L23': 0.5, 'exp_I_PV': 3}, 'firing_rates': {'r_E_L23': array([0.        , 0.0005    , 0.00099975, ..., 0.34268098, 0.34276817,
       0.34285272]), 'r_I_SOM': array([0.        , 0.000215  , 0.00042978, ..., 0.21446384, 0.21446384,
       0.21446384]), 'r_I_PV': array([0.        , 0.        , 0.        , ..., 0.30829422, 0.30873508,
       0.30917716]), 'Time_series': array([0.0000e+00, 1.0000e-02, 2.0000e-02, ..., 9.9997e+02, 9.9998e+02,
       9.9999e+02])}}"
51,50,10,1259.7999368151116,89,"{'params': {'dt': 0.01, 'T_end': 1000, 'tau_E': 20, 'theta_E': -11, 'm_E': 0.25, 'W_EE': 16, 'W_E_I_PV': 90, 'W_E_I_SOM': 90, 'W_EE_L4': 1, 'W_EE_L23': 0, 'MIN_i_E_L23': 1.4, 'm_i_E_L23': 0.2, 'exp_E': 1, 'tau_I_SOM': 10, 'theta_I_SOM': 0.65, 'm_I_SOM': 0.1, 'W_I_SOM_E': 90, 'W_I_SOM_I_PV': 0, 'W_I_SOM_I_SOM': 0.025, 'W_I_SOM_E_L4': 0, 'W_I_SOM_E_L23': 2, 'exp_I_SOM': 1, 'tau_I_PV': 10, 'theta_I_PV': 13, 'm_I_PV': 0.005, 'W_I_PV_E': 90, 'W_I_PV_I_PV': 1, 'W_I_PV_I_SOM': 1, 'W_I_PV_E_L4': 1, 'W_I_PV_E_L23': 0.5, 'exp_I_PV': 3}, 'firing_rates': {'r_E_L23': array([0.        , 0.0005    , 0.00099975, ..., 0.26905949, 0.26908329,
       0.2691083 ]), 'r_I_SOM': array([0.00000000e+00, 2.15000000e-04, 4.30284463e-04, ...,
       5.13693814e-01, 5.13662895e-01, 5.13632031e-01]), 'r_I_PV': array([0.        , 0.        , 0.        , ..., 0.19802779, 0.19784473,
       0.1976619 ]), 'Time_series': array([0.0000e+00, 1.0000e-02, 2.0000e-02, ..., 9.9997e+02, 9.9998e+02,
       9.9999e+02])}}"
52,50,20,2983.1133062481194,36,"{'params': {'dt': 0.01, 'T_end': 1000, 'tau_E': 20, 'theta_E': -11, 'm_E': 0.25, 'W_EE': 16, 'W_E_I_PV': 90, 'W_E_I_SOM': 90, 'W_EE_L4': 1, 'W_EE_L23': 0, 'MIN_i_E_L23': 1.4, 'm_i_E_L23': 0.2, 'exp_E': 1, 'tau_I_SOM': 10, 'theta_I_SOM': 0.65, 'm_I_SOM': 0.1, 'W_I_SOM_E': 90, 'W_I_SOM_I_PV': 0, 'W_I_SOM_I_SOM': 0.025, 'W_I_SOM_E_L4': 0, 'W_I_SOM_E_L23': 2, 'exp_I_SOM': 1, 'tau_I_PV': 10, 'theta_I_PV': 13, 'm_I_PV': 0.005, 'W_I_PV_E': 90, 'W_I_PV_I_PV': 1, 'W_I_PV_I_SOM': 1, 'W_I_PV_E_L4': 1, 'W_I_PV_E_L23': 0.5, 'exp_I_PV': 3}, 'firing_rates': {'r_E_L23': array([0.        , 0.0005    , 0.00099975, ..., 0.22052623, 0.22041597,
       0.22030576]), 'r_I_SOM': array([0.00000000e+00, 2.15000000e-04, 4.30784463e-04, ...,
       7.09451761e-01, 7.09396588e-01, 7.09341249e-01]), 'r_I_PV': array([0.        , 0.        , 0.        , ..., 0.04424062, 0.04419638,
       0.04415218]), 'Time_series': array([0.0000e+00, 1.0000e-02, 2.0000e-02, ..., 9.9997e+02, 9.9998e+02,
       9.9999e+02])}}"
53,50,30,919.5649927511587,37,"{'params': {'dt': 0.01, 'T_end': 1000, 'tau_E': 20, 'theta_E': -11, 'm_E': 0.25, 'W_EE': 16, 'W_E_I_PV': 90, 'W_E_I_SOM': 90, 'W_EE_L4': 1, 'W_EE_L23': 0, 'MIN_i_E_L23': 1.4, 'm_i_E_L23': 0.2, 'exp_E': 1, 'tau_I_SOM': 10, 'theta_I_SOM': 0.65, 'm_I_SOM': 0.1, 'W_I_SOM_E': 90, 'W_I_SOM_I_PV': 0, 'W_I_SOM_I_SOM': 0.025, 'W_I_SOM_E_L4': 0, 'W_I_SOM_E_L23': 2, 'exp_I_SOM': 1, 'tau_I_PV': 10, 'theta_I_PV': 13, 'm_I_PV': 0.005, 'W_I_PV_E': 90, 'W_I_PV_I_PV': 1, 'W_I_PV_I_SOM': 1, 'W_I_PV_E_L4': 1, 'W_I_PV_E_L23': 0.5, 'exp_I_PV': 3}, 'firing_rates': {'r_E_L23': array([0.        , 0.0005    , 0.00099975, ..., 0.09023642, 0.0901913 ,
       0.09014621]), 'r_I_SOM': array([0.00000000e+00, 2.15000000e-04, 4.31284462e-04, ...,
       4.51808895e-01, 4.51841665e-01, 4.51874268e-01]), 'r_I_PV': array([0.00000000e+00, 0.00000000e+00, 0.00000000e+00, ...,
       1.16529254e-44, 1.16412724e-44, 1.16296312e-44]), 'Time_series': array([0.0000e+00, 1.0000e-02, 2.0000e-02, ..., 9.9997e+02, 9.9998e+02,
       9.9999e+02])}}"
54,50,40,155.640239041513,51,"{'params': {'dt': 0.01, 'T_end': 1000, 'tau_E': 20, 'theta_E': -11, 'm_E': 0.25, 'W_EE': 16, 'W_E_I_PV': 90, 'W_E_I_SOM': 90, 'W_EE_L4': 1, 'W_EE_L23': 0, 'MIN_i_E_L23': 1.4, 'm_i_E_L23': 0.2, 'exp_E': 1, 'tau_I_SOM': 10, 'theta_I_SOM': 0.65, 'm_I_SOM': 0.1, 'W_I_SOM_E': 90, 'W_I_SOM_I_PV': 0, 'W_I_SOM_I_SOM': 0.025, 'W_I_SOM_E_L4': 0, 'W_I_SOM_E_L23': 2, 'exp_I_SOM': 1, 'tau_I_PV': 10, 'theta_I_PV': 13, 'm_I_PV': 0.005, 'W_I_PV_E': 90, 'W_I_PV_I_PV': 1, 'W_I_PV_I_SOM': 1, 'W_I_PV_E_L4': 1, 'W_I_PV_E_L23': 0.5, 'exp_I_PV': 3}, 'firing_rates': {'r_E_L23': array([0.        , 0.0005    , 0.00099975, ..., 0.02278103, 0.02276964,
       0.02275825]), 'r_I_SOM': array([0.00000000e+00, 2.15000000e-04, 4.31784462e-04, ...,
       3.12552588e-01, 3.12545378e-01, 3.12538130e-01]), 'r_I_PV': array([0.00000000e+00, 0.00000000e+00, 0.00000000e+00, ...,
       4.05622233e-47, 4.05216611e-47, 4.04811394e-47]), 'Time_series': array([0.0000e+00, 1.0000e-02, 2.0000e-02, ..., 9.9997e+02, 9.9998e+02,
       9.9999e+02])}}"
55,50,50,36.49228059228021,64,"{'params': {'dt': 0.01, 'T_end': 1000, 'tau_E': 20, 'theta_E': -11, 'm_E': 0.25, 'W_EE': 16, 'W_E_I_PV': 90, 'W_E_I_SOM': 90, 'W_EE_L4': 1, 'W_EE_L23': 0, 'MIN_i_E_L23': 1.4, 'm_i_E_L23': 0.2, 'exp_E': 1, 'tau_I_SOM': 10, 'theta_I_SOM': 0.65, 'm_I_SOM': 0.1, 'W_I_SOM_E': 90, 'W_I_SOM_I_PV': 0, 'W_I_SOM_I_SOM': 0.025, 'W_I_SOM_E_L4': 0, 'W_I_SOM_E_L23': 2, 'exp_I_SOM': 1, 'tau_I_PV': 10, 'theta_I_PV': 13, 'm_I_PV': 0.005, 'W_I_PV_E': 90, 'W_I_PV_I_PV': 1, 'W_I_PV_I_SOM': 1, 'W_I_PV_E_L4': 1, 'W_I_PV_E_L23': 0.5, 'exp_I_PV': 3}, 'firing_rates': {'r_E_L23': array([0.        , 0.0005    , 0.00099975, ..., 0.00631816, 0.00631527,
       0.00631235]), 'r_I_SOM': array([0.00000000e+00, 2.15000000e-04, 4.32284463e-04, ...,
       2.41979525e-01, 2.41983531e-01, 2.41987519e-01]), 'r_I_PV': array([0., 0., 0., ..., 0., 0., 0.]), 'Time_series': array([0.0000e+00, 1.0000e-02, 2.0000e-02, ..., 9.9997e+02, 9.9998e+02,
       9.9999e+02])}}"
56,50,60,2.508514693532687,1,"{'params': {'dt': 0.01, 'T_end': 1000, 'tau_E': 20, 'theta_E': -11, 'm_E': 0.25, 'W_EE': 16, 'W_E_I_PV': 90, 'W_E_I_SOM': 90, 'W_EE_L4': 1, 'W_EE_L23': 0, 'MIN_i_E_L23': 1.4, 'm_i_E_L23': 0.2, 'exp_E': 1, 'tau_I_SOM': 10, 'theta_I_SOM': 0.65, 'm_I_SOM': 0.1, 'W_I_SOM_E': 90, 'W_I_SOM_I_PV': 0, 'W_I_SOM_I_SOM': 0.025, 'W_I_SOM_E_L4': 0, 'W_I_SOM_E_L23': 2, 'exp_I_SOM': 1, 'tau_I_PV': 10, 'theta_I_PV': 13, 'm_I_PV': 0.005, 'W_I_PV_E': 90, 'W_I_PV_I_PV': 1, 'W_I_PV_I_SOM': 1, 'W_I_PV_E_L4': 1, 'W_I_PV_E_L23': 0.5, 'exp_I_PV': 3}, 'firing_rates': {'r_E_L23': array([0.00000000e+00, 5.00000000e-04, 9.99750000e-04, ...,
       3.58996086e-23, 3.58816588e-23, 3.58637180e-23]), 'r_I_SOM': array([0.        , 0.000215  , 0.00043278, ..., 0.21446384, 0.21446384,
       0.21446384]), 'r_I_PV': array([0., 0., 0., ..., 0., 0., 0.]), 'Time_series': array([0.0000e+00, 1.0000e-02, 2.0000e-02, ..., 9.9997e+02, 9.9998e+02,
       9.9999e+02])}}"
57,50,70,2.035014292416993,1,"{'params': {'dt': 0.01, 'T_end': 1000, 'tau_E': 20, 'theta_E': -11, 'm_E': 0.25, 'W_EE': 16, 'W_E_I_PV': 90, 'W_E_I_SOM': 90, 'W_EE_L4': 1, 'W_EE_L23': 0, 'MIN_i_E_L23': 1.4, 'm_i_E_L23': 0.2, 'exp_E': 1, 'tau_I_SOM': 10, 'theta_I_SOM': 0.65, 'm_I_SOM': 0.1, 'W_I_SOM_E': 90, 'W_I_SOM_I_PV': 0, 'W_I_SOM_I_SOM': 0.025, 'W_I_SOM_E_L4': 0, 'W_I_SOM_E_L23': 2, 'exp_I_SOM': 1, 'tau_I_PV': 10, 'theta_I_PV': 13, 'm_I_PV': 0.005, 'W_I_PV_E': 90, 'W_I_PV_I_PV': 1, 'W_I_PV_I_SOM': 1, 'W_I_PV_E_L4': 1, 'W_I_PV_E_L23': 0.5, 'exp_I_PV': 3}, 'firing_rates': {'r_E_L23': array([0.00000000e+00, 5.00000000e-04, 9.99750000e-04, ...,
       2.91232963e-23, 2.91087346e-23, 2.90941803e-23]), 'r_I_SOM': array([0.        , 0.000215  , 0.00043328, ..., 0.21446384, 0.21446384,
       0.21446384]), 'r_I_PV': array([0., 0., 0., ..., 0., 0., 0.]), 'Time_series': array([0.0000e+00, 1.0000e-02, 2.0000e-02, ..., 9.9997e+02, 9.9998e+02,
       9.9999e+02])}}"
58,50,80,1.7126751886804041,1,"{'params': {'dt': 0.01, 'T_end': 1000, 'tau_E': 20, 'theta_E': -11, 'm_E': 0.25, 'W_EE': 16, 'W_E_I_PV': 90, 'W_E_I_SOM': 90, 'W_EE_L4': 1, 'W_EE_L23': 0, 'MIN_i_E_L23': 1.4, 'm_i_E_L23': 0.2, 'exp_E': 1, 'tau_I_SOM': 10, 'theta_I_SOM': 0.65, 'm_I_SOM': 0.1, 'W_I_SOM_E': 90, 'W_I_SOM_I_PV': 0, 'W_I_SOM_I_SOM': 0.025, 'W_I_SOM_E_L4': 0, 'W_I_SOM_E_L23': 2, 'exp_I_SOM': 1, 'tau_I_PV': 10, 'theta_I_PV': 13, 'm_I_PV': 0.005, 'W_I_PV_E': 90, 'W_I_PV_I_PV': 1, 'W_I_PV_I_SOM': 1, 'W_I_PV_E_L4': 1, 'W_I_PV_E_L23': 0.5, 'exp_I_PV': 3}, 'firing_rates': {'r_E_L23': array([0.00000000e+00, 5.00000000e-04, 9.99750000e-04, ...,
       2.45102686e-23, 2.44980135e-23, 2.44857645e-23]), 'r_I_SOM': array([0.        , 0.000215  , 0.00043378, ..., 0.21446384, 0.21446384,
       0.21446384]), 'r_I_PV': array([0., 0., 0., ..., 0., 0., 0.]), 'Time_series': array([0.0000e+00, 1.0000e-02, 2.0000e-02, ..., 9.9997e+02, 9.9998e+02,
       9.9999e+02])}}"
59,50,90,1.4789038385297923,1,"{'params': {'dt': 0.01, 'T_end': 1000, 'tau_E': 20, 'theta_E': -11, 'm_E': 0.25, 'W_EE': 16, 'W_E_I_PV': 90, 'W_E_I_SOM': 90, 'W_EE_L4': 1, 'W_EE_L23': 0, 'MIN_i_E_L23': 1.4, 'm_i_E_L23': 0.2, 'exp_E': 1, 'tau_I_SOM': 10, 'theta_I_SOM': 0.65, 'm_I_SOM': 0.1, 'W_I_SOM_E': 90, 'W_I_SOM_I_PV': 0, 'W_I_SOM_I_SOM': 0.025, 'W_I_SOM_E_L4': 0, 'W_I_SOM_E_L23': 2, 'exp_I_SOM': 1, 'tau_I_PV': 10, 'theta_I_PV': 13, 'm_I_PV': 0.005, 'W_I_PV_E': 90, 'W_I_PV_I_PV': 1, 'W_I_PV_I_SOM': 1, 'W_I_PV_E_L4': 1, 'W_I_PV_E_L23': 0.5, 'exp_I_PV': 3}, 'firing_rates': {'r_E_L23': array([0.00000000e+00, 5.00000000e-04, 9.99750000e-04, ...,
       2.11647431e-23, 2.11541607e-23, 2.11435836e-23]), 'r_I_SOM': array([0.        , 0.000215  , 0.00043428, ..., 0.21446384, 0.21446384,
       0.21446384]), 'r_I_PV': array([0., 0., 0., ..., 0., 0., 0.]), 'Time_series': array([0.0000e+00, 1.0000e-02, 2.0000e-02, ..., 9.9997e+02, 9.9998e+02,
       9.9999e+02])}}"
60,60,0,1000.2146655893788,115,"{'params': {'dt': 0.01, 'T_end': 1000, 'tau_E': 20, 'theta_E': -11, 'm_E': 0.25, 'W_EE': 16, 'W_E_I_PV': 90, 'W_E_I_SOM': 90, 'W_EE_L4': 1, 'W_EE_L23': 0, 'MIN_i_E_L23': 1.4, 'm_i_E_L23': 0.2, 'exp_E': 1, 'tau_I_SOM': 10, 'theta_I_SOM': 0.65, 'm_I_SOM': 0.1, 'W_I_SOM_E': 90, 'W_I_SOM_I_PV': 0, 'W_I_SOM_I_SOM': 0.025, 'W_I_SOM_E_L4': 0, 'W_I_SOM_E_L23': 2, 'exp_I_SOM': 1, 'tau_I_PV': 10, 'theta_I_PV': 13, 'm_I_PV': 0.005, 'W_I_PV_E': 90, 'W_I_PV_I_PV': 1, 'W_I_PV_I_SOM': 1, 'W_I_PV_E_L4': 1, 'W_I_PV_E_L23': 0.5, 'exp_I_PV': 3}, 'firing_rates': {'r_E_L23': array([0.        , 0.0005    , 0.00099975, ..., 0.23190063, 0.23186811,
       0.23183705]), 'r_I_SOM': array([0.        , 0.000215  , 0.00042978, ..., 0.21446384, 0.21446384,
       0.21446384]), 'r_I_PV': array([0.        , 0.        , 0.        , ..., 0.25071618, 0.25051507,
       0.25031405]), 'Time_series': array([0.0000e+00, 1.0000e-02, 2.0000e-02, ..., 9.9997e+02, 9.9998e+02,
       9.9999e+02])}}"
61,60,10,1149.7936210284508,99,"{'params': {'dt': 0.01, 'T_end': 1000, 'tau_E': 20, 'theta_E': -11, 'm_E': 0.25, 'W_EE': 16, 'W_E_I_PV': 90, 'W_E_I_SOM': 90, 'W_EE_L4': 1, 'W_EE_L23': 0, 'MIN_i_E_L23': 1.4, 'm_i_E_L23': 0.2, 'exp_E': 1, 'tau_I_SOM': 10, 'theta_I_SOM': 0.65, 'm_I_SOM': 0.1, 'W_I_SOM_E': 90, 'W_I_SOM_I_PV': 0, 'W_I_SOM_I_SOM': 0.025, 'W_I_SOM_E_L4': 0, 'W_I_SOM_E_L23': 2, 'exp_I_SOM': 1, 'tau_I_PV': 10, 'theta_I_PV': 13, 'm_I_PV': 0.005, 'W_I_PV_E': 90, 'W_I_PV_I_PV': 1, 'W_I_PV_I_SOM': 1, 'W_I_PV_E_L4': 1, 'W_I_PV_E_L23': 0.5, 'exp_I_PV': 3}, 'firing_rates': {'r_E_L23': array([0.        , 0.0005    , 0.00099975, ..., 0.23353846, 0.23342169,
       0.23330498]), 'r_I_SOM': array([0.00000000e+00, 2.15000000e-04, 4.30284463e-04, ...,
       4.63591558e-01, 4.63575346e-01, 4.63559034e-01]), 'r_I_PV': array([0.        , 0.        , 0.        , ..., 0.19043215, 0.19028532,
       0.1901382 ]), 'Time_series': array([0.0000e+00, 1.0000e-02, 2.0000e-02, ..., 9.9997e+02, 9.9998e+02,
       9.9999e+02])}}"
62,60,20,1804.3712129881474,46,"{'params': {'dt': 0.01, 'T_end': 1000, 'tau_E': 20, 'theta_E': -11, 'm_E': 0.25, 'W_EE': 16, 'W_E_I_PV': 90, 'W_E_I_SOM': 90, 'W_EE_L4': 1, 'W_EE_L23': 0, 'MIN_i_E_L23': 1.4, 'm_i_E_L23': 0.2, 'exp_E': 1, 'tau_I_SOM': 10, 'theta_I_SOM': 0.65, 'm_I_SOM': 0.1, 'W_I_SOM_E': 90, 'W_I_SOM_I_PV': 0, 'W_I_SOM_I_SOM': 0.025, 'W_I_SOM_E_L4': 0, 'W_I_SOM_E_L23': 2, 'exp_I_SOM': 1, 'tau_I_PV': 10, 'theta_I_PV': 13, 'm_I_PV': 0.005, 'W_I_PV_E': 90, 'W_I_PV_I_PV': 1, 'W_I_PV_I_SOM': 1, 'W_I_PV_E_L4': 1, 'W_I_PV_E_L23': 0.5, 'exp_I_PV': 3}, 'firing_rates': {'r_E_L23': array([0.        , 0.0005    , 0.00099975, ..., 0.23632111, 0.23620295,
       0.23608485]), 'r_I_SOM': array([0.00000000e+00, 2.15000000e-04, 4.30784463e-04, ...,
       6.40607112e-01, 6.40652545e-01, 6.40697697e-01]), 'r_I_PV': array([0.        , 0.        , 0.        , ..., 0.06789598, 0.06787923,
       0.06786199]), 'Time_series': array([0.0000e+00, 1.0000e-02, 2.0000e-02, ..., 9.9997e+02, 9.9998e+02,
       9.9999e+02])}}"
63,60,30,920.864735702696,37,"{'params': {'dt': 0.01, 'T_end': 1000, 'tau_E': 20, 'theta_E': -11, 'm_E': 0.25, 'W_EE': 16, 'W_E_I_PV': 90, 'W_E_I_SOM': 90, 'W_EE_L4': 1, 'W_EE_L23': 0, 'MIN_i_E_L23': 1.4, 'm_i_E_L23': 0.2, 'exp_E': 1, 'tau_I_SOM': 10, 'theta_I_SOM': 0.65, 'm_I_SOM': 0.1, 'W_I_SOM_E': 90, 'W_I_SOM_I_PV': 0, 'W_I_SOM_I_SOM': 0.025, 'W_I_SOM_E_L4': 0, 'W_I_SOM_E_L23': 2, 'exp_I_SOM': 1, 'tau_I_PV': 10, 'theta_I_PV': 13, 'm_I_PV': 0.005, 'W_I_PV_E': 90, 'W_I_PV_I_PV': 1, 'W_I_PV_I_SOM': 1, 'W_I_PV_E_L4': 1, 'W_I_PV_E_L23': 0.5, 'exp_I_PV': 3}, 'firing_rates': {'r_E_L23': array([0.        , 0.0005    , 0.00099975, ..., 0.0748389 , 0.07480148,
       0.07476408]), 'r_I_SOM': array([0.00000000e+00, 2.15000000e-04, 4.31284462e-04, ...,
       4.54173776e-01, 4.54157983e-01, 4.54142094e-01]), 'r_I_PV': array([0.00000000e+00, 0.00000000e+00, 0.00000000e+00, ...,
       1.71762924e-44, 1.71591161e-44, 1.71419570e-44]), 'Time_series': array([0.0000e+00, 1.0000e-02, 2.0000e-02, ..., 9.9997e+02, 9.9998e+02,
       9.9999e+02])}}"
64,60,40,156.41747760501087,51,"{'params': {'dt': 0.01, 'T_end': 1000, 'tau_E': 20, 'theta_E': -11, 'm_E': 0.25, 'W_EE': 16, 'W_E_I_PV': 90, 'W_E_I_SOM': 90, 'W_EE_L4': 1, 'W_EE_L23': 0, 'MIN_i_E_L23': 1.4, 'm_i_E_L23': 0.2, 'exp_E': 1, 'tau_I_SOM': 10, 'theta_I_SOM': 0.65, 'm_I_SOM': 0.1, 'W_I_SOM_E': 90, 'W_I_SOM_I_PV': 0, 'W_I_SOM_I_SOM': 0.025, 'W_I_SOM_E_L4': 0, 'W_I_SOM_E_L23': 2, 'exp_I_SOM': 1, 'tau_I_PV': 10, 'theta_I_PV': 13, 'm_I_PV': 0.005, 'W_I_PV_E': 90, 'W_I_PV_I_PV': 1, 'W_I_PV_I_SOM': 1, 'W_I_PV_E_L4': 1, 'W_I_PV_E_L23': 0.5, 'exp_I_PV': 3}, 'firing_rates': {'r_E_L23': array([0.        , 0.0005    , 0.00099975, ..., 0.02184822, 0.0218373 ,
       0.02182638]), 'r_I_SOM': array([0.00000000e+00, 2.15000000e-04, 4.31784462e-04, ...,
       3.11823151e-01, 3.11812941e-01, 3.11802698e-01]), 'r_I_PV': array([0.00000000e+00, 0.00000000e+00, 0.00000000e+00, ...,
       2.20982789e-45, 2.20761806e-45, 2.20541044e-45]), 'Time_series': array([0.0000e+00, 1.0000e-02, 2.0000e-02, ..., 9.9997e+02, 9.9998e+02,
       9.9999e+02])}}"
65,60,50,36.49228059228021,64,"{'params': {'dt': 0.01, 'T_end': 1000, 'tau_E': 20, 'theta_E': -11, 'm_E': 0.25, 'W_EE': 16, 'W_E_I_PV': 90, 'W_E_I_SOM': 90, 'W_EE_L4': 1, 'W_EE_L23': 0, 'MIN_i_E_L23': 1.4, 'm_i_E_L23': 0.2, 'exp_E': 1, 'tau_I_SOM': 10, 'theta_I_SOM': 0.65, 'm_I_SOM': 0.1, 'W_I_SOM_E': 90, 'W_I_SOM_I_PV': 0, 'W_I_SOM_I_SOM': 0.025, 'W_I_SOM_E_L4': 0, 'W_I_SOM_E_L23': 2, 'exp_I_SOM': 1, 'tau_I_PV': 10, 'theta_I_PV': 13, 'm_I_PV': 0.005, 'W_I_PV_E': 90, 'W_I_PV_I_PV': 1, 'W_I_PV_I_SOM': 1, 'W_I_PV_E_L4': 1, 'W_I_PV_E_L23': 0.5, 'exp_I_PV': 3}, 'firing_rates': {'r_E_L23': array([0.        , 0.0005    , 0.00099975, ..., 0.00631816, 0.00631527,
       0.00631235]), 'r_I_SOM': array([0.00000000e+00, 2.15000000e-04, 4.32284463e-04, ...,
       2.41979525e-01, 2.41983531e-01, 2.41987519e-01]), 'r_I_PV': array([0., 0., 0., ..., 0., 0., 0.]), 'Time_series': array([0.0000e+00, 1.0000e-02, 2.0000e-02, ..., 9.9997e+02, 9.9998e+02,
       9.9999e+02])}}"
66,60,60,2.508514693532687,1,"{'params': {'dt': 0.01, 'T_end': 1000, 'tau_E': 20, 'theta_E': -11, 'm_E': 0.25, 'W_EE': 16, 'W_E_I_PV': 90, 'W_E_I_SOM': 90, 'W_EE_L4': 1, 'W_EE_L23': 0, 'MIN_i_E_L23': 1.4, 'm_i_E_L23': 0.2, 'exp_E': 1, 'tau_I_SOM': 10, 'theta_I_SOM': 0.65, 'm_I_SOM': 0.1, 'W_I_SOM_E': 90, 'W_I_SOM_I_PV': 0, 'W_I_SOM_I_SOM': 0.025, 'W_I_SOM_E_L4': 0, 'W_I_SOM_E_L23': 2, 'exp_I_SOM': 1, 'tau_I_PV': 10, 'theta_I_PV': 13, 'm_I_PV': 0.005, 'W_I_PV_E': 90, 'W_I_PV_I_PV': 1, 'W_I_PV_I_SOM': 1, 'W_I_PV_E_L4': 1, 'W_I_PV_E_L23': 0.5, 'exp_I_PV': 3}, 'firing_rates': {'r_E_L23': array([0.00000000e+00, 5.00000000e-04, 9.99750000e-04, ...,
       3.58996086e-23, 3.58816588e-23, 3.58637180e-23]), 'r_I_SOM': array([0.        , 0.000215  , 0.00043278, ..., 0.21446384, 0.21446384,
       0.21446384]), 'r_I_PV': array([0., 0., 0., ..., 0., 0., 0.]), 'Time_series': array([0.0000e+00, 1.0000e-02, 2.0000e-02, ..., 9.9997e+02, 9.9998e+02,
       9.9999e+02])}}"
67,60,70,2.035014292416993,1,"{'params': {'dt': 0.01, 'T_end': 1000, 'tau_E': 20, 'theta_E': -11, 'm_E': 0.25, 'W_EE': 16, 'W_E_I_PV': 90, 'W_E_I_SOM': 90, 'W_EE_L4': 1, 'W_EE_L23': 0, 'MIN_i_E_L23': 1.4, 'm_i_E_L23': 0.2, 'exp_E': 1, 'tau_I_SOM': 10, 'theta_I_SOM': 0.65, 'm_I_SOM': 0.1, 'W_I_SOM_E': 90, 'W_I_SOM_I_PV': 0, 'W_I_SOM_I_SOM': 0.025, 'W_I_SOM_E_L4': 0, 'W_I_SOM_E_L23': 2, 'exp_I_SOM': 1, 'tau_I_PV': 10, 'theta_I_PV': 13, 'm_I_PV': 0.005, 'W_I_PV_E': 90, 'W_I_PV_I_PV': 1, 'W_I_PV_I_SOM': 1, 'W_I_PV_E_L4': 1, 'W_I_PV_E_L23': 0.5, 'exp_I_PV': 3}, 'firing_rates': {'r_E_L23': array([0.00000000e+00, 5.00000000e-04, 9.99750000e-04, ...,
       2.91232963e-23, 2.91087346e-23, 2.90941803e-23]), 'r_I_SOM': array([0.        , 0.000215  , 0.00043328, ..., 0.21446384, 0.21446384,
       0.21446384]), 'r_I_PV': array([0., 0., 0., ..., 0., 0., 0.]), 'Time_series': array([0.0000e+00, 1.0000e-02, 2.0000e-02, ..., 9.9997e+02, 9.9998e+02,
       9.9999e+02])}}"
68,60,80,1.7126751886804041,1,"{'params': {'dt': 0.01, 'T_end': 1000, 'tau_E': 20, 'theta_E': -11, 'm_E': 0.25, 'W_EE': 16, 'W_E_I_PV': 90, 'W_E_I_SOM': 90, 'W_EE_L4': 1, 'W_EE_L23': 0, 'MIN_i_E_L23': 1.4, 'm_i_E_L23': 0.2, 'exp_E': 1, 'tau_I_SOM': 10, 'theta_I_SOM': 0.65, 'm_I_SOM': 0.1, 'W_I_SOM_E': 90, 'W_I_SOM_I_PV': 0, 'W_I_SOM_I_SOM': 0.025, 'W_I_SOM_E_L4': 0, 'W_I_SOM_E_L23': 2, 'exp_I_SOM': 1, 'tau_I_PV': 10, 'theta_I_PV': 13, 'm_I_PV': 0.005, 'W_I_PV_E': 90, 'W_I_PV_I_PV': 1, 'W_I_PV_I_SOM': 1, 'W_I_PV_E_L4': 1, 'W_I_PV_E_L23': 0.5, 'exp_I_PV': 3}, 'firing_rates': {'r_E_L23': array([0.00000000e+00, 5.00000000e-04, 9.99750000e-04, ...,
       2.45102686e-23, 2.44980135e-23, 2.44857645e-23]), 'r_I_SOM': array([0.        , 0.000215  , 0.00043378, ..., 0.21446384, 0.21446384,
       0.21446384]), 'r_I_PV': array([0., 0., 0., ..., 0., 0., 0.]), 'Time_series': array([0.0000e+00, 1.0000e-02, 2.0000e-02, ..., 9.9997e+02, 9.9998e+02,
       9.9999e+02])}}"
69,60,90,1.4789038385297923,1,"{'params': {'dt': 0.01, 'T_end': 1000, 'tau_E': 20, 'theta_E': -11, 'm_E': 0.25, 'W_EE': 16, 'W_E_I_PV': 90, 'W_E_I_SOM': 90, 'W_EE_L4': 1, 'W_EE_L23': 0, 'MIN_i_E_L23': 1.4, 'm_i_E_L23': 0.2, 'exp_E': 1, 'tau_I_SOM': 10, 'theta_I_SOM': 0.65, 'm_I_SOM': 0.1, 'W_I_SOM_E': 90, 'W_I_SOM_I_PV': 0, 'W_I_SOM_I_SOM': 0.025, 'W_I_SOM_E_L4': 0, 'W_I_SOM_E_L23': 2, 'exp_I_SOM': 1, 'tau_I_PV': 10, 'theta_I_PV': 13, 'm_I_PV': 0.005, 'W_I_PV_E': 90, 'W_I_PV_I_PV': 1, 'W_I_PV_I_SOM': 1, 'W_I_PV_E_L4': 1, 'W_I_PV_E_L23': 0.5, 'exp_I_PV': 3}, 'firing_rates': {'r_E_L23': array([0.00000000e+00, 5.00000000e-04, 9.99750000e-04, ...,
       2.11647431e-23, 2.11541607e-23, 2.11435836e-23]), 'r_I_SOM': array([0.        , 0.000215  , 0.00043428, ..., 0.21446384, 0.21446384,
       0.21446384]), 'r_I_PV': array([0., 0., 0., ..., 0., 0., 0.]), 'Time_series': array([0.0000e+00, 1.0000e-02, 2.0000e-02, ..., 9.9997e+02, 9.9998e+02,
       9.9999e+02])}}"
70,70,0,661.573944201324,124,"{'params': {'dt': 0.01, 'T_end': 1000, 'tau_E': 20, 'theta_E': -11, 'm_E': 0.25, 'W_EE': 16, 'W_E_I_PV': 90, 'W_E_I_SOM': 90, 'W_EE_L4': 1, 'W_EE_L23': 0, 'MIN_i_E_L23': 1.4, 'm_i_E_L23': 0.2, 'exp_E': 1, 'tau_I_SOM': 10, 'theta_I_SOM': 0.65, 'm_I_SOM': 0.1, 'W_I_SOM_E': 90, 'W_I_SOM_I_PV': 0, 'W_I_SOM_I_SOM': 0.025, 'W_I_SOM_E_L4': 0, 'W_I_SOM_E_L23': 2, 'exp_I_SOM': 1, 'tau_I_PV': 10, 'theta_I_PV': 13, 'm_I_PV': 0.005, 'W_I_PV_E': 90, 'W_I_PV_I_PV': 1, 'W_I_PV_I_SOM': 1, 'W_I_PV_E_L4': 1, 'W_I_PV_E_L23': 0.5, 'exp_I_PV': 3}, 'firing_rates': {'r_E_L23': array([0.        , 0.0005    , 0.00099975, ..., 0.20568636, 0.20558352,
       0.20548072]), 'r_I_SOM': array([0.        , 0.000215  , 0.00042978, ..., 0.21446384, 0.21446384,
       0.21446384]), 'r_I_PV': array([0.        , 0.        , 0.        , ..., 0.22527914, 0.22514779,
       0.22501582]), 'Time_series': array([0.0000e+00, 1.0000e-02, 2.0000e-02, ..., 9.9997e+02, 9.9998e+02,
       9.9999e+02])}}"
71,70,10,640.5812532125417,109,"{'params': {'dt': 0.01, 'T_end': 1000, 'tau_E': 20, 'theta_E': -11, 'm_E': 0.25, 'W_EE': 16, 'W_E_I_PV': 90, 'W_E_I_SOM': 90, 'W_EE_L4': 1, 'W_EE_L23': 0, 'MIN_i_E_L23': 1.4, 'm_i_E_L23': 0.2, 'exp_E': 1, 'tau_I_SOM': 10, 'theta_I_SOM': 0.65, 'm_I_SOM': 0.1, 'W_I_SOM_E': 90, 'W_I_SOM_I_PV': 0, 'W_I_SOM_I_SOM': 0.025, 'W_I_SOM_E_L4': 0, 'W_I_SOM_E_L23': 2, 'exp_I_SOM': 1, 'tau_I_PV': 10, 'theta_I_PV': 13, 'm_I_PV': 0.005, 'W_I_PV_E': 90, 'W_I_PV_I_PV': 1, 'W_I_PV_I_SOM': 1, 'W_I_PV_E_L4': 1, 'W_I_PV_E_L23': 0.5, 'exp_I_PV': 3}, 'firing_rates': {'r_E_L23': array([0.        , 0.0005    , 0.00099975, ..., 0.19825481, 0.19815569,
       0.19805661]), 'r_I_SOM': array([0.00000000e+00, 2.15000000e-04, 4.30284463e-04, ...,
       4.24906000e-01, 4.24893286e-01, 4.24880487e-01]), 'r_I_PV': array([0.        , 0.        , 0.        , ..., 0.16055891, 0.1604379 ,
       0.1603166 ]), 'Time_series': array([0.0000e+00, 1.0000e-02, 2.0000e-02, ..., 9.9997e+02, 9.9998e+02,
       9.9999e+02])}}"
72,70,20,1100.5199885351535,58,"{'params': {'dt': 0.01, 'T_end': 1000, 'tau_E': 20, 'theta_E': -11, 'm_E': 0.25, 'W_EE': 16, 'W_E_I_PV': 90, 'W_E_I_SOM': 90, 'W_EE_L4': 1, 'W_EE_L23': 0, 'MIN_i_E_L23': 1.4, 'm_i_E_L23': 0.2, 'exp_E': 1, 'tau_I_SOM': 10, 'theta_I_SOM': 0.65, 'm_I_SOM': 0.1, 'W_I_SOM_E': 90, 'W_I_SOM_I_PV': 0, 'W_I_SOM_I_SOM': 0.025, 'W_I_SOM_E_L4': 0, 'W_I_SOM_E_L23': 2, 'exp_I_SOM': 1, 'tau_I_PV': 10, 'theta_I_PV': 13, 'm_I_PV': 0.005, 'W_I_PV_E': 90, 'W_I_PV_I_PV': 1, 'W_I_PV_I_SOM': 1, 'W_I_PV_E_L4': 1, 'W_I_PV_E_L23': 0.5, 'exp_I_PV': 3}, 'firing_rates': {'r_E_L23': array([0.        , 0.0005    , 0.00099975, ..., 0.22237451, 0.22237439,
       0.22237234]), 'r_I_SOM': array([0.00000000e+00, 2.15000000e-04, 4.30784463e-04, ...,
       5.75311737e-01, 5.75394736e-01, 5.75477651e-01]), 'r_I_PV': array([0.        , 0.        , 0.        , ..., 0.0451891 , 0.04538619,
       0.04558303]), 'Time_series': array([0.0000e+00, 1.0000e-02, 2.0000e-02, ..., 9.9997e+02, 9.9998e+02,
       9.9999e+02])}}"
73,70,30,918.3656413340246,37,"{'params': {'dt': 0.01, 'T_end': 1000, 'tau_E': 20, 'theta_E': -11, 'm_E': 0.25, 'W_EE': 16, 'W_E_I_PV': 90, 'W_E_I_SOM': 90, 'W_EE_L4': 1, 'W_EE_L23': 0, 'MIN_i_E_L23': 1.4, 'm_i_E_L23': 0.2, 'exp_E': 1, 'tau_I_SOM': 10, 'theta_I_SOM': 0.65, 'm_I_SOM': 0.1, 'W_I_SOM_E': 90, 'W_I_SOM_I_PV': 0, 'W_I_SOM_I_SOM': 0.025, 'W_I_SOM_E_L4': 0, 'W_I_SOM_E_L23': 2, 'exp_I_SOM': 1, 'tau_I_PV': 10, 'theta_I_PV': 13, 'm_I_PV': 0.005, 'W_I_PV_E': 90, 'W_I_PV_I_PV': 1, 'W_I_PV_I_SOM': 1, 'W_I_PV_E_L4': 1, 'W_I_PV_E_L23': 0.5, 'exp_I_PV': 3}, 'firing_rates': {'r_E_L23': array([0.        , 0.0005    , 0.00099975, ..., 0.06528675, 0.06525411,
       0.06522148]), 'r_I_SOM': array([0.00000000e+00, 2.15000000e-04, 4.31284462e-04, ...,
       4.46754939e-01, 4.46717928e-01, 4.46680855e-01]), 'r_I_PV': array([0.00000000e+00, 0.00000000e+00, 0.00000000e+00, ...,
       2.08685399e-44, 2.08476714e-44, 2.08268237e-44]), 'Time_series': array([0.0000e+00, 1.0000e-02, 2.0000e-02, ..., 9.9997e+02, 9.9998e+02,
       9.9999e+02])}}"
74,70,40,157.9645427021267,51,"{'params': {'dt': 0.01, 'T_end': 1000, 'tau_E': 20, 'theta_E': -11, 'm_E': 0.25, 'W_EE': 16, 'W_E_I_PV': 90, 'W_E_I_SOM': 90, 'W_EE_L4': 1, 'W_EE_L23': 0, 'MIN_i_E_L23': 1.4, 'm_i_E_L23': 0.2, 'exp_E': 1, 'tau_I_SOM': 10, 'theta_I_SOM': 0.65, 'm_I_SOM': 0.1, 'W_I_SOM_E': 90, 'W_I_SOM_I_PV': 0, 'W_I_SOM_I_SOM': 0.025, 'W_I_SOM_E_L4': 0, 'W_I_SOM_E_L23': 2, 'exp_I_SOM': 1, 'tau_I_PV': 10, 'theta_I_PV': 13, 'm_I_PV': 0.005, 'W_I_PV_E': 90, 'W_I_PV_I_PV': 1, 'W_I_PV_I_SOM': 1, 'W_I_PV_E_L4': 1, 'W_I_PV_E_L23': 0.5, 'exp_I_PV': 3}, 'firing_rates': {'r_E_L23': array([0.        , 0.0005    , 0.00099975, ..., 0.0196975 , 0.01968765,
       0.01967781]), 'r_I_SOM': array([0.00000000e+00, 2.15000000e-04, 4.31784462e-04, ...,
       3.09069001e-01, 3.09052950e-01, 3.09036875e-01]), 'r_I_PV': array([0.00000000e+00, 0.00000000e+00, 0.00000000e+00, ...,
       6.56430077e-45, 6.55773647e-45, 6.55117873e-45]), 'Time_series': array([0.0000e+00, 1.0000e-02, 2.0000e-02, ..., 9.9997e+02, 9.9998e+02,
       9.9999e+02])}}"
75,70,50,36.48661132253207,64,"{'params': {'dt': 0.01, 'T_end': 1000, 'tau_E': 20, 'theta_E': -11, 'm_E': 0.25, 'W_EE': 16, 'W_E_I_PV': 90, 'W_E_I_SOM': 90, 'W_EE_L4': 1, 'W_EE_L23': 0, 'MIN_i_E_L23': 1.4, 'm_i_E_L23': 0.2, 'exp_E': 1, 'tau_I_SOM': 10, 'theta_I_SOM': 0.65, 'm_I_SOM': 0.1, 'W_I_SOM_E': 90, 'W_I_SOM_I_PV': 0, 'W_I_SOM_I_SOM': 0.025, 'W_I_SOM_E_L4': 0, 'W_I_SOM_E_L23': 2, 'exp_I_SOM': 1, 'tau_I_PV': 10, 'theta_I_PV': 13, 'm_I_PV': 0.005, 'W_I_PV_E': 90, 'W_I_PV_I_PV': 1, 'W_I_PV_I_SOM': 1, 'W_I_PV_E_L4': 1, 'W_I_PV_E_L23': 0.5, 'exp_I_PV': 3}, 'firing_rates': {'r_E_L23': array([0.        , 0.0005    , 0.00099975, ..., 0.0062919 , 0.00628876,
       0.00628561]), 'r_I_SOM': array([0.00000000e+00, 2.15000000e-04, 4.32284463e-04, ...,
       2.42013873e-01, 2.42017714e-01, 2.42021535e-01]), 'r_I_PV': array([0.00000000e+00, 0.00000000e+00, 0.00000000e+00, ...,
       2.36897333e-46, 2.36660435e-46, 2.36423775e-46]), 'Time_series': array([0.0000e+00, 1.0000e-02, 2.0000e-02, ..., 9.9997e+02, 9.9998e+02,
       9.9999e+02])}}"
76,70,60,2.508514693532687,1,"{'params': {'dt': 0.01, 'T_end': 1000, 'tau_E': 20, 'theta_E': -11, 'm_E': 0.25, 'W_EE': 16, 'W_E_I_PV': 90, 'W_E_I_SOM': 90, 'W_EE_L4': 1, 'W_EE_L23': 0, 'MIN_i_E_L23': 1.4, 'm_i_E_L23': 0.2, 'exp_E': 1, 'tau_I_SOM': 10, 'theta_I_SOM': 0.65, 'm_I_SOM': 0.1, 'W_I_SOM_E': 90, 'W_I_SOM_I_PV': 0, 'W_I_SOM_I_SOM': 0.025, 'W_I_SOM_E_L4': 0, 'W_I_SOM_E_L23': 2, 'exp_I_SOM': 1, 'tau_I_PV': 10, 'theta_I_PV': 13, 'm_I_PV': 0.005, 'W_I_PV_E': 90, 'W_I_PV_I_PV': 1, 'W_I_PV_I_SOM': 1, 'W_I_PV_E_L4': 1, 'W_I_PV_E_L23': 0.5, 'exp_I_PV': 3}, 'firing_rates': {'r_E_L23': array([0.00000000e+00, 5.00000000e-04, 9.99750000e-04, ...,
       3.58996086e-23, 3.58816588e-23, 3.58637180e-23]), 'r_I_SOM': array([0.        , 0.000215  , 0.00043278, ..., 0.21446384, 0.21446384,
       0.21446384]), 'r_I_PV': array([0., 0., 0., ..., 0., 0., 0.]), 'Time_series': array([0.0000e+00, 1.0000e-02, 2.0000e-02, ..., 9.9997e+02, 9.9998e+02,
       9.9999e+02])}}"
77,70,70,2.035014292416993,1,"{'params': {'dt': 0.01, 'T_end': 1000, 'tau_E': 20, 'theta_E': -11, 'm_E': 0.25, 'W_EE': 16, 'W_E_I_PV': 90, 'W_E_I_SOM': 90, 'W_EE_L4': 1, 'W_EE_L23': 0, 'MIN_i_E_L23': 1.4, 'm_i_E_L23': 0.2, 'exp_E': 1, 'tau_I_SOM': 10, 'theta_I_SOM': 0.65, 'm_I_SOM': 0.1, 'W_I_SOM_E': 90, 'W_I_SOM_I_PV': 0, 'W_I_SOM_I_SOM': 0.025, 'W_I_SOM_E_L4': 0, 'W_I_SOM_E_L23': 2, 'exp_I_SOM': 1, 'tau_I_PV': 10, 'theta_I_PV': 13, 'm_I_PV': 0.005, 'W_I_PV_E': 90, 'W_I_PV_I_PV': 1, 'W_I_PV_I_SOM': 1, 'W_I_PV_E_L4': 1, 'W_I_PV_E_L23': 0.5, 'exp_I_PV': 3}, 'firing_rates': {'r_E_L23': array([0.00000000e+00, 5.00000000e-04, 9.99750000e-04, ...,
       2.91232963e-23, 2.91087346e-23, 2.90941803e-23]), 'r_I_SOM': array([0.        , 0.000215  , 0.00043328, ..., 0.21446384, 0.21446384,
       0.21446384]), 'r_I_PV': array([0., 0., 0., ..., 0., 0., 0.]), 'Time_series': array([0.0000e+00, 1.0000e-02, 2.0000e-02, ..., 9.9997e+02, 9.9998e+02,
       9.9999e+02])}}"
78,70,80,1.7126751886804041,1,"{'params': {'dt': 0.01, 'T_end': 1000, 'tau_E': 20, 'theta_E': -11, 'm_E': 0.25, 'W_EE': 16, 'W_E_I_PV': 90, 'W_E_I_SOM': 90, 'W_EE_L4': 1, 'W_EE_L23': 0, 'MIN_i_E_L23': 1.4, 'm_i_E_L23': 0.2, 'exp_E': 1, 'tau_I_SOM': 10, 'theta_I_SOM': 0.65, 'm_I_SOM': 0.1, 'W_I_SOM_E': 90, 'W_I_SOM_I_PV': 0, 'W_I_SOM_I_SOM': 0.025, 'W_I_SOM_E_L4': 0, 'W_I_SOM_E_L23': 2, 'exp_I_SOM': 1, 'tau_I_PV': 10, 'theta_I_PV': 13, 'm_I_PV': 0.005, 'W_I_PV_E': 90, 'W_I_PV_I_PV': 1, 'W_I_PV_I_SOM': 1, 'W_I_PV_E_L4': 1, 'W_I_PV_E_L23': 0.5, 'exp_I_PV': 3}, 'firing_rates': {'r_E_L23': array([0.00000000e+00, 5.00000000e-04, 9.99750000e-04, ...,
       2.45102686e-23, 2.44980135e-23, 2.44857645e-23]), 'r_I_SOM': array([0.        , 0.000215  , 0.00043378, ..., 0.21446384, 0.21446384,
       0.21446384]), 'r_I_PV': array([0., 0., 0., ..., 0., 0., 0.]), 'Time_series': array([0.0000e+00, 1.0000e-02, 2.0000e-02, ..., 9.9997e+02, 9.9998e+02,
       9.9999e+02])}}"
79,70,90,1.4789038385297923,1,"{'params': {'dt': 0.01, 'T_end': 1000, 'tau_E': 20, 'theta_E': -11, 'm_E': 0.25, 'W_EE': 16, 'W_E_I_PV': 90, 'W_E_I_SOM': 90, 'W_EE_L4': 1, 'W_EE_L23': 0, 'MIN_i_E_L23': 1.4, 'm_i_E_L23': 0.2, 'exp_E': 1, 'tau_I_SOM': 10, 'theta_I_SOM': 0.65, 'm_I_SOM': 0.1, 'W_I_SOM_E': 90, 'W_I_SOM_I_PV': 0, 'W_I_SOM_I_SOM': 0.025, 'W_I_SOM_E_L4': 0, 'W_I_SOM_E_L23': 2, 'exp_I_SOM': 1, 'tau_I_PV': 10, 'theta_I_PV': 13, 'm_I_PV': 0.005, 'W_I_PV_E': 90, 'W_I_PV_I_PV': 1, 'W_I_PV_I_SOM': 1, 'W_I_PV_E_L4': 1, 'W_I_PV_E_L23': 0.5, 'exp_I_PV': 3}, 'firing_rates': {'r_E_L23': array([0.00000000e+00, 5.00000000e-04, 9.99750000e-04, ...,
       2.11647431e-23, 2.11541607e-23, 2.11435836e-23]), 'r_I_SOM': array([0.        , 0.000215  , 0.00043428, ..., 0.21446384, 0.21446384,
       0.21446384]), 'r_I_PV': array([0., 0., 0., ..., 0., 0., 0.]), 'Time_series': array([0.0000e+00, 1.0000e-02, 2.0000e-02, ..., 9.9997e+02, 9.9998e+02,
       9.9999e+02])}}"
80,80,0,613.8307262834053,133,"{'params': {'dt': 0.01, 'T_end': 1000, 'tau_E': 20, 'theta_E': -11, 'm_E': 0.25, 'W_EE': 16, 'W_E_I_PV': 90, 'W_E_I_SOM': 90, 'W_EE_L4': 1, 'W_EE_L23': 0, 'MIN_i_E_L23': 1.4, 'm_i_E_L23': 0.2, 'exp_E': 1, 'tau_I_SOM': 10, 'theta_I_SOM': 0.65, 'm_I_SOM': 0.1, 'W_I_SOM_E': 90, 'W_I_SOM_I_PV': 0, 'W_I_SOM_I_SOM': 0.025, 'W_I_SOM_E_L4': 0, 'W_I_SOM_E_L23': 2, 'exp_I_SOM': 1, 'tau_I_PV': 10, 'theta_I_PV': 13, 'm_I_PV': 0.005, 'W_I_PV_E': 90, 'W_I_PV_I_PV': 1, 'W_I_PV_I_SOM': 1, 'W_I_PV_E_L4': 1, 'W_I_PV_E_L23': 0.5, 'exp_I_PV': 3}, 'firing_rates': {'r_E_L23': array([0.        , 0.0005    , 0.00099975, ..., 0.17095679, 0.17100328,
       0.17105114]), 'r_I_SOM': array([0.        , 0.000215  , 0.00042978, ..., 0.21446384, 0.21446384,
       0.21446384]), 'r_I_PV': array([0.        , 0.        , 0.        , ..., 0.17099536, 0.17086383,
       0.17073266]), 'Time_series': array([0.0000e+00, 1.0000e-02, 2.0000e-02, ..., 9.9997e+02, 9.9998e+02,
       9.9999e+02])}}"
81,80,10,488.7997179165179,118,"{'params': {'dt': 0.01, 'T_end': 1000, 'tau_E': 20, 'theta_E': -11, 'm_E': 0.25, 'W_EE': 16, 'W_E_I_PV': 90, 'W_E_I_SOM': 90, 'W_EE_L4': 1, 'W_EE_L23': 0, 'MIN_i_E_L23': 1.4, 'm_i_E_L23': 0.2, 'exp_E': 1, 'tau_I_SOM': 10, 'theta_I_SOM': 0.65, 'm_I_SOM': 0.1, 'W_I_SOM_E': 90, 'W_I_SOM_I_PV': 0, 'W_I_SOM_I_SOM': 0.025, 'W_I_SOM_E_L4': 0, 'W_I_SOM_E_L23': 2, 'exp_I_SOM': 1, 'tau_I_PV': 10, 'theta_I_PV': 13, 'm_I_PV': 0.005, 'W_I_PV_E': 90, 'W_I_PV_I_PV': 1, 'W_I_PV_I_SOM': 1, 'W_I_PV_E_L4': 1, 'W_I_PV_E_L23': 0.5, 'exp_I_PV': 3}, 'firing_rates': {'r_E_L23': array([0.        , 0.0005    , 0.00099975, ..., 0.17343429, 0.17356655,
       0.1736997 ]), 'r_I_SOM': array([0.00000000e+00, 2.15000000e-04, 4.30284463e-04, ...,
       3.93318426e-01, 3.93312558e-01, 3.93306829e-01]), 'r_I_PV': array([0.        , 0.        , 0.        , ..., 0.11362474, 0.11355532,
       0.11348666]), 'Time_series': array([0.0000e+00, 1.0000e-02, 2.0000e-02, ..., 9.9997e+02, 9.9998e+02,
       9.9999e+02])}}"
82,80,20,1104.8111176115876,69,"{'params': {'dt': 0.01, 'T_end': 1000, 'tau_E': 20, 'theta_E': -11, 'm_E': 0.25, 'W_EE': 16, 'W_E_I_PV': 90, 'W_E_I_SOM': 90, 'W_EE_L4': 1, 'W_EE_L23': 0, 'MIN_i_E_L23': 1.4, 'm_i_E_L23': 0.2, 'exp_E': 1, 'tau_I_SOM': 10, 'theta_I_SOM': 0.65, 'm_I_SOM': 0.1, 'W_I_SOM_E': 90, 'W_I_SOM_I_PV': 0, 'W_I_SOM_I_SOM': 0.025, 'W_I_SOM_E_L4': 0, 'W_I_SOM_E_L23': 2, 'exp_I_SOM': 1, 'tau_I_PV': 10, 'theta_I_PV': 13, 'm_I_PV': 0.005, 'W_I_PV_E': 90, 'W_I_PV_I_PV': 1, 'W_I_PV_I_SOM': 1, 'W_I_PV_E_L4': 1, 'W_I_PV_E_L23': 0.5, 'exp_I_PV': 3}, 'firing_rates': {'r_E_L23': array([0.        , 0.0005    , 0.00099975, ..., 0.19185703, 0.19190508,
       0.19195136]), 'r_I_SOM': array([0.00000000e+00, 2.15000000e-04, 4.30784463e-04, ...,
       5.35750306e-01, 5.35811931e-01, 5.35873590e-01]), 'r_I_PV': array([0.        , 0.        , 0.        , ..., 0.04003577, 0.04020515,
       0.04037501]), 'Time_series': array([0.0000e+00, 1.0000e-02, 2.0000e-02, ..., 9.9997e+02, 9.9998e+02,
       9.9999e+02])}}"
83,80,30,916.26897851891,37,"{'params': {'dt': 0.01, 'T_end': 1000, 'tau_E': 20, 'theta_E': -11, 'm_E': 0.25, 'W_EE': 16, 'W_E_I_PV': 90, 'W_E_I_SOM': 90, 'W_EE_L4': 1, 'W_EE_L23': 0, 'MIN_i_E_L23': 1.4, 'm_i_E_L23': 0.2, 'exp_E': 1, 'tau_I_SOM': 10, 'theta_I_SOM': 0.65, 'm_I_SOM': 0.1, 'W_I_SOM_E': 90, 'W_I_SOM_I_PV': 0, 'W_I_SOM_I_SOM': 0.025, 'W_I_SOM_E_L4': 0, 'W_I_SOM_E_L23': 2, 'exp_I_SOM': 1, 'tau_I_PV': 10, 'theta_I_PV': 13, 'm_I_PV': 0.005, 'W_I_PV_E': 90, 'W_I_PV_I_PV': 1, 'W_I_PV_I_SOM': 1, 'W_I_PV_E_L4': 1, 'W_I_PV_E_L23': 0.5, 'exp_I_PV': 3}, 'firing_rates': {'r_E_L23': array([0.        , 0.0005    , 0.00099975, ..., 0.05982426, 0.05979435,
       0.05976445]), 'r_I_SOM': array([0.00000000e+00, 2.15000000e-04, 4.31284462e-04, ...,
       4.39456720e-01, 4.39410638e-01, 4.39364511e-01]), 'r_I_PV': array([0.00000000e+00, 0.00000000e+00, 0.00000000e+00, ...,
       2.33141245e-44, 2.32908104e-44, 2.32675196e-44]), 'Time_series': array([0.0000e+00, 1.0000e-02, 2.0000e-02, ..., 9.9997e+02, 9.9998e+02,
       9.9999e+02])}}"
84,80,40,158.35979470352976,51,"{'params': {'dt': 0.01, 'T_end': 1000, 'tau_E': 20, 'theta_E': -11, 'm_E': 0.25, 'W_EE': 16, 'W_E_I_PV': 90, 'W_E_I_SOM': 90, 'W_EE_L4': 1, 'W_EE_L23': 0, 'MIN_i_E_L23': 1.4, 'm_i_E_L23': 0.2, 'exp_E': 1, 'tau_I_SOM': 10, 'theta_I_SOM': 0.65, 'm_I_SOM': 0.1, 'W_I_SOM_E': 90, 'W_I_SOM_I_PV': 0, 'W_I_SOM_I_SOM': 0.025, 'W_I_SOM_E_L4': 0, 'W_I_SOM_E_L23': 2, 'exp_I_SOM': 1, 'tau_I_PV': 10, 'theta_I_PV': 13, 'm_I_PV': 0.005, 'W_I_PV_E': 90, 'W_I_PV_I_PV': 1, 'W_I_PV_I_SOM': 1, 'W_I_PV_E_L4': 1, 'W_I_PV_E_L23': 0.5, 'exp_I_PV': 3}, 'firing_rates': {'r_E_L23': array([0.        , 0.0005    , 0.00099975, ..., 0.01831603, 0.01831847,
       0.01832099]), 'r_I_SOM': array([0.00000000e+00, 2.15000000e-04, 4.31784462e-04, ...,
       3.05007649e-01, 3.04990143e-01, 3.04972664e-01]), 'r_I_PV': array([0.00000000e+00, 0.00000000e+00, 0.00000000e+00, ...,
       1.04967161e-44, 1.04862193e-44, 1.04757331e-44]), 'Time_series': array([0.0000e+00, 1.0000e-02, 2.0000e-02, ..., 9.9997e+02, 9.9998e+02,
       9.9999e+02])}}"
85,80,50,36.44644354175374,64,"{'params': {'dt': 0.01, 'T_end': 1000, 'tau_E': 20, 'theta_E': -11, 'm_E': 0.25, 'W_EE': 16, 'W_E_I_PV': 90, 'W_E_I_SOM': 90, 'W_EE_L4': 1, 'W_EE_L23': 0, 'MIN_i_E_L23': 1.4, 'm_i_E_L23': 0.2, 'exp_E': 1, 'tau_I_SOM': 10, 'theta_I_SOM': 0.65, 'm_I_SOM': 0.1, 'W_I_SOM_E': 90, 'W_I_SOM_I_PV': 0, 'W_I_SOM_I_SOM': 0.025, 'W_I_SOM_E_L4': 0, 'W_I_SOM_E_L23': 2, 'exp_I_SOM': 1, 'tau_I_PV': 10, 'theta_I_PV': 13, 'm_I_PV': 0.005, 'W_I_PV_E': 90, 'W_I_PV_I_PV': 1, 'W_I_PV_I_SOM': 1, 'W_I_PV_E_L4': 1, 'W_I_PV_E_L23': 0.5, 'exp_I_PV': 3}, 'firing_rates': {'r_E_L23': array([0.        , 0.0005    , 0.00099975, ..., 0.0060629 , 0.00605987,
       0.00605684]), 'r_I_SOM': array([0.00000000e+00, 2.15000000e-04, 4.32284463e-04, ...,
       2.42247265e-01, 2.42249727e-01, 2.42252171e-01]), 'r_I_PV': array([0.00000000e+00, 0.00000000e+00, 0.00000000e+00, ...,
       2.01501691e-45, 2.01300189e-45, 2.01098889e-45]), 'Time_series': array([0.0000e+00, 1.0000e-02, 2.0000e-02, ..., 9.9997e+02, 9.9998e+02,
       9.9999e+02])}}"
86,80,60,2.50791223405293,1,"{'params': {'dt': 0.01, 'T_end': 1000, 'tau_E': 20, 'theta_E': -11, 'm_E': 0.25, 'W_EE': 16, 'W_E_I_PV': 90, 'W_E_I_SOM': 90, 'W_EE_L4': 1, 'W_EE_L23': 0, 'MIN_i_E_L23': 1.4, 'm_i_E_L23': 0.2, 'exp_E': 1, 'tau_I_SOM': 10, 'theta_I_SOM': 0.65, 'm_I_SOM': 0.1, 'W_I_SOM_E': 90, 'W_I_SOM_I_PV': 0, 'W_I_SOM_I_SOM': 0.025, 'W_I_SOM_E_L4': 0, 'W_I_SOM_E_L23': 2, 'exp_I_SOM': 1, 'tau_I_PV': 10, 'theta_I_PV': 13, 'm_I_PV': 0.005, 'W_I_PV_E': 90, 'W_I_PV_I_PV': 1, 'W_I_PV_I_SOM': 1, 'W_I_PV_E_L4': 1, 'W_I_PV_E_L23': 0.5, 'exp_I_PV': 3}, 'firing_rates': {'r_E_L23': array([0.00000000e+00, 5.00000000e-04, 9.99750000e-04, ...,
       3.58909868e-23, 3.58730413e-23, 3.58551048e-23]), 'r_I_SOM': array([0.        , 0.000215  , 0.00043278, ..., 0.21446384, 0.21446384,
       0.21446384]), 'r_I_PV': array([0.00000000e+00, 0.00000000e+00, 0.00000000e+00, ...,
       1.32804133e-47, 1.32671329e-47, 1.32538657e-47]), 'Time_series': array([0.0000e+00, 1.0000e-02, 2.0000e-02, ..., 9.9997e+02, 9.9998e+02,
       9.9999e+02])}}"
87,80,70,2.035014292416993,1,"{'params': {'dt': 0.01, 'T_end': 1000, 'tau_E': 20, 'theta_E': -11, 'm_E': 0.25, 'W_EE': 16, 'W_E_I_PV': 90, 'W_E_I_SOM': 90, 'W_EE_L4': 1, 'W_EE_L23': 0, 'MIN_i_E_L23': 1.4, 'm_i_E_L23': 0.2, 'exp_E': 1, 'tau_I_SOM': 10, 'theta_I_SOM': 0.65, 'm_I_SOM': 0.1, 'W_I_SOM_E': 90, 'W_I_SOM_I_PV': 0, 'W_I_SOM_I_SOM': 0.025, 'W_I_SOM_E_L4': 0, 'W_I_SOM_E_L23': 2, 'exp_I_SOM': 1, 'tau_I_PV': 10, 'theta_I_PV': 13, 'm_I_PV': 0.005, 'W_I_PV_E': 90, 'W_I_PV_I_PV': 1, 'W_I_PV_I_SOM': 1, 'W_I_PV_E_L4': 1, 'W_I_PV_E_L23': 0.5, 'exp_I_PV': 3}, 'firing_rates': {'r_E_L23': array([0.00000000e+00, 5.00000000e-04, 9.99750000e-04, ...,
       2.91232963e-23, 2.91087346e-23, 2.90941803e-23]), 'r_I_SOM': array([0.        , 0.000215  , 0.00043328, ..., 0.21446384, 0.21446384,
       0.21446384]), 'r_I_PV': array([0., 0., 0., ..., 0., 0., 0.]), 'Time_series': array([0.0000e+00, 1.0000e-02, 2.0000e-02, ..., 9.9997e+02, 9.9998e+02,
       9.9999e+02])}}"
88,80,80,1.7126751886804041,1,"{'params': {'dt': 0.01, 'T_end': 1000, 'tau_E': 20, 'theta_E': -11, 'm_E': 0.25, 'W_EE': 16, 'W_E_I_PV': 90, 'W_E_I_SOM': 90, 'W_EE_L4': 1, 'W_EE_L23': 0, 'MIN_i_E_L23': 1.4, 'm_i_E_L23': 0.2, 'exp_E': 1, 'tau_I_SOM': 10, 'theta_I_SOM': 0.65, 'm_I_SOM': 0.1, 'W_I_SOM_E': 90, 'W_I_SOM_I_PV': 0, 'W_I_SOM_I_SOM': 0.025, 'W_I_SOM_E_L4': 0, 'W_I_SOM_E_L23': 2, 'exp_I_SOM': 1, 'tau_I_PV': 10, 'theta_I_PV': 13, 'm_I_PV': 0.005, 'W_I_PV_E': 90, 'W_I_PV_I_PV': 1, 'W_I_PV_I_SOM': 1, 'W_I_PV_E_L4': 1, 'W_I_PV_E_L23': 0.5, 'exp_I_PV': 3}, 'firing_rates': {'r_E_L23': array([0.00000000e+00, 5.00000000e-04, 9.99750000e-04, ...,
       2.45102686e-23, 2.44980135e-23, 2.44857645e-23]), 'r_I_SOM': array([0.        , 0.000215  , 0.00043378, ..., 0.21446384, 0.21446384,
       0.21446384]), 'r_I_PV': array([0., 0., 0., ..., 0., 0., 0.]), 'Time_series': array([0.0000e+00, 1.0000e-02, 2.0000e-02, ..., 9.9997e+02, 9.9998e+02,
       9.9999e+02])}}"
89,80,90,1.4789038385297923,1,"{'params': {'dt': 0.01, 'T_end': 1000, 'tau_E': 20, 'theta_E': -11, 'm_E': 0.25, 'W_EE': 16, 'W_E_I_PV': 90, 'W_E_I_SOM': 90, 'W_EE_L4': 1, 'W_EE_L23': 0, 'MIN_i_E_L23': 1.4, 'm_i_E_L23': 0.2, 'exp_E': 1, 'tau_I_SOM': 10, 'theta_I_SOM': 0.65, 'm_I_SOM': 0.1, 'W_I_SOM_E': 90, 'W_I_SOM_I_PV': 0, 'W_I_SOM_I_SOM': 0.025, 'W_I_SOM_E_L4': 0, 'W_I_SOM_E_L23': 2, 'exp_I_SOM': 1, 'tau_I_PV': 10, 'theta_I_PV': 13, 'm_I_PV': 0.005, 'W_I_PV_E': 90, 'W_I_PV_I_PV': 1, 'W_I_PV_I_SOM': 1, 'W_I_PV_E_L4': 1, 'W_I_PV_E_L23': 0.5, 'exp_I_PV': 3}, 'firing_rates': {'r_E_L23': array([0.00000000e+00, 5.00000000e-04, 9.99750000e-04, ...,
       2.11647431e-23, 2.11541607e-23, 2.11435836e-23]), 'r_I_SOM': array([0.        , 0.000215  , 0.00043428, ..., 0.21446384, 0.21446384,
       0.21446384]), 'r_I_PV': array([0., 0., 0., ..., 0., 0., 0.]), 'Time_series': array([0.0000e+00, 1.0000e-02, 2.0000e-02, ..., 9.9997e+02, 9.9998e+02,
       9.9999e+02])}}"
90,90,0,397.2673282114125,142,"{'params': {'dt': 0.01, 'T_end': 1000, 'tau_E': 20, 'theta_E': -11, 'm_E': 0.25, 'W_EE': 16, 'W_E_I_PV': 90, 'W_E_I_SOM': 90, 'W_EE_L4': 1, 'W_EE_L23': 0, 'MIN_i_E_L23': 1.4, 'm_i_E_L23': 0.2, 'exp_E': 1, 'tau_I_SOM': 10, 'theta_I_SOM': 0.65, 'm_I_SOM': 0.1, 'W_I_SOM_E': 90, 'W_I_SOM_I_PV': 0, 'W_I_SOM_I_SOM': 0.025, 'W_I_SOM_E_L4': 0, 'W_I_SOM_E_L23': 2, 'exp_I_SOM': 1, 'tau_I_PV': 10, 'theta_I_PV': 13, 'm_I_PV': 0.005, 'W_I_PV_E': 90, 'W_I_PV_I_PV': 1, 'W_I_PV_I_SOM': 1, 'W_I_PV_E_L4': 1, 'W_I_PV_E_L23': 0.5, 'exp_I_PV': 3}, 'firing_rates': {'r_E_L23': array([0.        , 0.0005    , 0.00099975, ..., 0.16182212, 0.1617412 ,
       0.16166033]), 'r_I_SOM': array([0.        , 0.000215  , 0.00042978, ..., 0.21446384, 0.21446384,
       0.21446384]), 'r_I_PV': array([0.        , 0.        , 0.        , ..., 0.17101454, 0.17096278,
       0.17091018]), 'Time_series': array([0.0000e+00, 1.0000e-02, 2.0000e-02, ..., 9.9997e+02, 9.9998e+02,
       9.9999e+02])}}"
91,90,10,601.3151045137887,126,"{'params': {'dt': 0.01, 'T_end': 1000, 'tau_E': 20, 'theta_E': -11, 'm_E': 0.25, 'W_EE': 16, 'W_E_I_PV': 90, 'W_E_I_SOM': 90, 'W_EE_L4': 1, 'W_EE_L23': 0, 'MIN_i_E_L23': 1.4, 'm_i_E_L23': 0.2, 'exp_E': 1, 'tau_I_SOM': 10, 'theta_I_SOM': 0.65, 'm_I_SOM': 0.1, 'W_I_SOM_E': 90, 'W_I_SOM_I_PV': 0, 'W_I_SOM_I_SOM': 0.025, 'W_I_SOM_E_L4': 0, 'W_I_SOM_E_L23': 2, 'exp_I_SOM': 1, 'tau_I_PV': 10, 'theta_I_PV': 13, 'm_I_PV': 0.005, 'W_I_PV_E': 90, 'W_I_PV_I_PV': 1, 'W_I_PV_I_SOM': 1, 'W_I_PV_E_L4': 1, 'W_I_PV_E_L23': 0.5, 'exp_I_PV': 3}, 'firing_rates': {'r_E_L23': array([0.        , 0.0005    , 0.00099975, ..., 0.14956305, 0.14948827,
       0.14941352]), 'r_I_SOM': array([0.00000000e+00, 2.15000000e-04, 4.30284463e-04, ...,
       3.74334559e-01, 3.74323852e-01, 3.74313081e-01]), 'r_I_PV': array([0.        , 0.        , 0.        , ..., 0.11907855, 0.11898265,
       0.11888656]), 'Time_series': array([0.0000e+00, 1.0000e-02, 2.0000e-02, ..., 9.9997e+02, 9.9998e+02,
       9.9999e+02])}}"
92,90,20,859.084074751015,80,"{'params': {'dt': 0.01, 'T_end': 1000, 'tau_E': 20, 'theta_E': -11, 'm_E': 0.25, 'W_EE': 16, 'W_E_I_PV': 90, 'W_E_I_SOM': 90, 'W_EE_L4': 1, 'W_EE_L23': 0, 'MIN_i_E_L23': 1.4, 'm_i_E_L23': 0.2, 'exp_E': 1, 'tau_I_SOM': 10, 'theta_I_SOM': 0.65, 'm_I_SOM': 0.1, 'W_I_SOM_E': 90, 'W_I_SOM_I_PV': 0, 'W_I_SOM_I_SOM': 0.025, 'W_I_SOM_E_L4': 0, 'W_I_SOM_E_L23': 2, 'exp_I_SOM': 1, 'tau_I_PV': 10, 'theta_I_PV': 13, 'm_I_PV': 0.005, 'W_I_PV_E': 90, 'W_I_PV_I_PV': 1, 'W_I_PV_I_SOM': 1, 'W_I_PV_E_L4': 1, 'W_I_PV_E_L23': 0.5, 'exp_I_PV': 3}, 'firing_rates': {'r_E_L23': array([0.        , 0.0005    , 0.00099975, ..., 0.13236718, 0.13230099,
       0.13223484]), 'r_I_SOM': array([0.00000000e+00, 2.15000000e-04, 4.30784463e-04, ...,
       5.08216488e-01, 5.08186735e-01, 5.08156880e-01]), 'r_I_PV': array([0.        , 0.        , 0.        , ..., 0.0440467 , 0.04400265,
       0.04395865]), 'Time_series': array([0.0000e+00, 1.0000e-02, 2.0000e-02, ..., 9.9997e+02, 9.9998e+02,
       9.9999e+02])}}"
93,90,30,915.4667359957434,37,"{'params': {'dt': 0.01, 'T_end': 1000, 'tau_E': 20, 'theta_E': -11, 'm_E': 0.25, 'W_EE': 16, 'W_E_I_PV': 90, 'W_E_I_SOM': 90, 'W_EE_L4': 1, 'W_EE_L23': 0, 'MIN_i_E_L23': 1.4, 'm_i_E_L23': 0.2, 'exp_E': 1, 'tau_I_SOM': 10, 'theta_I_SOM': 0.65, 'm_I_SOM': 0.1, 'W_I_SOM_E': 90, 'W_I_SOM_I_PV': 0, 'W_I_SOM_I_SOM': 0.025, 'W_I_SOM_E_L4': 0, 'W_I_SOM_E_L23': 2, 'exp_I_SOM': 1, 'tau_I_PV': 10, 'theta_I_PV': 13, 'm_I_PV': 0.005, 'W_I_PV_E': 90, 'W_I_PV_I_PV': 1, 'W_I_PV_I_SOM': 1, 'W_I_PV_E_L4': 1, 'W_I_PV_E_L23': 0.5, 'exp_I_PV': 3}, 'firing_rates': {'r_E_L23': array([0.        , 0.0005    , 0.00099975, ..., 0.05678905, 0.05676066,
       0.05673228]), 'r_I_SOM': array([0.00000000e+00, 2.15000000e-04, 4.31284462e-04, ...,
       4.34441075e-01, 4.34390915e-01, 4.34340720e-01]), 'r_I_PV': array([0.00000000e+00, 0.00000000e+00, 0.00000000e+00, ...,
       2.48543137e-44, 2.48294593e-44, 2.48046299e-44]), 'Time_series': array([0.0000e+00, 1.0000e-02, 2.0000e-02, ..., 9.9997e+02, 9.9998e+02,
       9.9999e+02])}}"
94,90,40,157.86792595528908,51,"{'params': {'dt': 0.01, 'T_end': 1000, 'tau_E': 20, 'theta_E': -11, 'm_E': 0.25, 'W_EE': 16, 'W_E_I_PV': 90, 'W_E_I_SOM': 90, 'W_EE_L4': 1, 'W_EE_L23': 0, 'MIN_i_E_L23': 1.4, 'm_i_E_L23': 0.2, 'exp_E': 1, 'tau_I_SOM': 10, 'theta_I_SOM': 0.65, 'm_I_SOM': 0.1, 'W_I_SOM_E': 90, 'W_I_SOM_I_PV': 0, 'W_I_SOM_I_SOM': 0.025, 'W_I_SOM_E_L4': 0, 'W_I_SOM_E_L23': 2, 'exp_I_SOM': 1, 'tau_I_PV': 10, 'theta_I_PV': 13, 'm_I_PV': 0.005, 'W_I_PV_E': 90, 'W_I_PV_I_PV': 1, 'W_I_PV_I_SOM': 1, 'W_I_PV_E_L4': 1, 'W_I_PV_E_L23': 0.5, 'exp_I_PV': 3}, 'firing_rates': {'r_E_L23': array([0.        , 0.0005    , 0.00099975, ..., 0.02071235, 0.02073145,
       0.02075061]), 'r_I_SOM': array([0.00000000e+00, 2.15000000e-04, 4.31784462e-04, ...,
       3.02392721e-01, 3.02387422e-01, 3.02382204e-01]), 'r_I_PV': array([0.00000000e+00, 0.00000000e+00, 0.00000000e+00, ...,
       1.36768881e-44, 1.36632112e-44, 1.36495480e-44]), 'Time_series': array([0.0000e+00, 1.0000e-02, 2.0000e-02, ..., 9.9997e+02, 9.9998e+02,
       9.9999e+02])}}"
95,90,50,36.418577897218654,64,"{'params': {'dt': 0.01, 'T_end': 1000, 'tau_E': 20, 'theta_E': -11, 'm_E': 0.25, 'W_EE': 16, 'W_E_I_PV': 90, 'W_E_I_SOM': 90, 'W_EE_L4': 1, 'W_EE_L23': 0, 'MIN_i_E_L23': 1.4, 'm_i_E_L23': 0.2, 'exp_E': 1, 'tau_I_SOM': 10, 'theta_I_SOM': 0.65, 'm_I_SOM': 0.1, 'W_I_SOM_E': 90, 'W_I_SOM_I_PV': 0, 'W_I_SOM_I_SOM': 0.025, 'W_I_SOM_E_L4': 0, 'W_I_SOM_E_L23': 2, 'exp_I_SOM': 1, 'tau_I_PV': 10, 'theta_I_PV': 13, 'm_I_PV': 0.005, 'W_I_PV_E': 90, 'W_I_PV_I_PV': 1, 'W_I_PV_I_SOM': 1, 'W_I_PV_E_L4': 1, 'W_I_PV_E_L23': 0.5, 'exp_I_PV': 3}, 'firing_rates': {'r_E_L23': array([0.        , 0.0005    , 0.00099975, ..., 0.00565641, 0.00565358,
       0.00565076]), 'r_I_SOM': array([0.00000000e+00, 2.15000000e-04, 4.32284463e-04, ...,
       2.42430964e-01, 2.42431209e-01, 2.42431439e-01]), 'r_I_PV': array([0.00000000e+00, 0.00000000e+00, 0.00000000e+00, ...,
       4.87244827e-45, 4.86757582e-45, 4.86270825e-45]), 'Time_series': array([0.0000e+00, 1.0000e-02, 2.0000e-02, ..., 9.9997e+02, 9.9998e+02,
       9.9999e+02])}}"
96,90,60,2.4858688950180454,1,"{'params': {'dt': 0.01, 'T_end': 1000, 'tau_E': 20, 'theta_E': -11, 'm_E': 0.25, 'W_EE': 16, 'W_E_I_PV': 90, 'W_E_I_SOM': 90, 'W_EE_L4': 1, 'W_EE_L23': 0, 'MIN_i_E_L23': 1.4, 'm_i_E_L23': 0.2, 'exp_E': 1, 'tau_I_SOM': 10, 'theta_I_SOM': 0.65, 'm_I_SOM': 0.1, 'W_I_SOM_E': 90, 'W_I_SOM_I_PV': 0, 'W_I_SOM_I_SOM': 0.025, 'W_I_SOM_E_L4': 0, 'W_I_SOM_E_L23': 2, 'exp_I_SOM': 1, 'tau_I_PV': 10, 'theta_I_PV': 13, 'm_I_PV': 0.005, 'W_I_PV_E': 90, 'W_I_PV_I_PV': 1, 'W_I_PV_I_SOM': 1, 'W_I_PV_E_L4': 1, 'W_I_PV_E_L23': 0.5, 'exp_I_PV': 3}, 'firing_rates': {'r_E_L23': array([0.00000000e+00, 5.00000000e-04, 9.99750000e-04, ...,
       3.55755223e-23, 3.55577345e-23, 3.55399557e-23]), 'r_I_SOM': array([0.        , 0.000215  , 0.00043278, ..., 0.21446384, 0.21446384,
       0.21446384]), 'r_I_PV': array([0.00000000e+00, 0.00000000e+00, 0.00000000e+00, ...,
       4.59831428e-46, 4.59371597e-46, 4.58912225e-46]), 'Time_series': array([0.0000e+00, 1.0000e-02, 2.0000e-02, ..., 9.9997e+02, 9.9998e+02,
       9.9999e+02])}}"
97,90,70,2.035011071917087,1,"{'params': {'dt': 0.01, 'T_end': 1000, 'tau_E': 20, 'theta_E': -11, 'm_E': 0.25, 'W_EE': 16, 'W_E_I_PV': 90, 'W_E_I_SOM': 90, 'W_EE_L4': 1, 'W_EE_L23': 0, 'MIN_i_E_L23': 1.4, 'm_i_E_L23': 0.2, 'exp_E': 1, 'tau_I_SOM': 10, 'theta_I_SOM': 0.65, 'm_I_SOM': 0.1, 'W_I_SOM_E': 90, 'W_I_SOM_I_PV': 0, 'W_I_SOM_I_SOM': 0.025, 'W_I_SOM_E_L4': 0, 'W_I_SOM_E_L23': 2, 'exp_I_SOM': 1, 'tau_I_PV': 10, 'theta_I_PV': 13, 'm_I_PV': 0.005, 'W_I_PV_E': 90, 'W_I_PV_I_PV': 1, 'W_I_PV_I_SOM': 1, 'W_I_PV_E_L4': 1, 'W_I_PV_E_L23': 0.5, 'exp_I_PV': 3}, 'firing_rates': {'r_E_L23': array([0.00000000e+00, 5.00000000e-04, 9.99750000e-04, ...,
       2.91232502e-23, 2.91086886e-23, 2.90941342e-23]), 'r_I_SOM': array([0.        , 0.000215  , 0.00043328, ..., 0.21446384, 0.21446384,
       0.21446384]), 'r_I_PV': array([0.00000000e+00, 0.00000000e+00, 0.00000000e+00, ...,
       9.08813280e-50, 9.07904467e-50, 9.06996562e-50]), 'Time_series': array([0.0000e+00, 1.0000e-02, 2.0000e-02, ..., 9.9997e+02, 9.9998e+02,
       9.9999e+02])}}"
98,90,80,1.7126751886804041,1,"{'params': {'dt': 0.01, 'T_end': 1000, 'tau_E': 20, 'theta_E': -11, 'm_E': 0.25, 'W_EE': 16, 'W_E_I_PV': 90, 'W_E_I_SOM': 90, 'W_EE_L4': 1, 'W_EE_L23': 0, 'MIN_i_E_L23': 1.4, 'm_i_E_L23': 0.2, 'exp_E': 1, 'tau_I_SOM': 10, 'theta_I_SOM': 0.65, 'm_I_SOM': 0.1, 'W_I_SOM_E': 90, 'W_I_SOM_I_PV': 0, 'W_I_SOM_I_SOM': 0.025, 'W_I_SOM_E_L4': 0, 'W_I_SOM_E_L23': 2, 'exp_I_SOM': 1, 'tau_I_PV': 10, 'theta_I_PV': 13, 'm_I_PV': 0.005, 'W_I_PV_E': 90, 'W_I_PV_I_PV': 1, 'W_I_PV_I_SOM': 1, 'W_I_PV_E_L4': 1, 'W_I_PV_E_L23': 0.5, 'exp_I_PV': 3}, 'firing_rates': {'r_E_L23': array([0.00000000e+00, 5.00000000e-04, 9.99750000e-04, ...,
       2.45102686e-23, 2.44980135e-23, 2.44857645e-23]), 'r_I_SOM': array([0.        , 0.000215  , 0.00043378, ..., 0.21446384, 0.21446384,
       0.21446384]), 'r_I_PV': array([0., 0., 0., ..., 0., 0., 0.]), 'Time_series': array([0.0000e+00, 1.0000e-02, 2.0000e-02, ..., 9.9997e+02, 9.9998e+02,
       9.9999e+02])}}"
99,90,90,1.4789038385297923,1,"{'params': {'dt': 0.01, 'T_end': 1000, 'tau_E': 20, 'theta_E': -11, 'm_E': 0.25, 'W_EE': 16, 'W_E_I_PV': 90, 'W_E_I_SOM': 90, 'W_EE_L4': 1, 'W_EE_L23': 0, 'MIN_i_E_L23': 1.4, 'm_i_E_L23': 0.2, 'exp_E': 1, 'tau_I_SOM': 10, 'theta_I_SOM': 0.65, 'm_I_SOM': 0.1, 'W_I_SOM_E': 90, 'W_I_SOM_I_PV': 0, 'W_I_SOM_I_SOM': 0.025, 'W_I_SOM_E_L4': 0, 'W_I_SOM_E_L23': 2, 'exp_I_SOM': 1, 'tau_I_PV': 10, 'theta_I_PV': 13, 'm_I_PV': 0.005, 'W_I_PV_E': 90, 'W_I_PV_I_PV': 1, 'W_I_PV_I_SOM': 1, 'W_I_PV_E_L4': 1, 'W_I_PV_E_L23': 0.5, 'exp_I_PV': 3}, 'firing_rates': {'r_E_L23': array([0.00000000e+00, 5.00000000e-04, 9.99750000e-04, ...,
       2.11647431e-23, 2.11541607e-23, 2.11435836e-23]), 'r_I_SOM': array([0.        , 0.000215  , 0.00043428, ..., 0.21446384, 0.21446384,
       0.21446384]), 'r_I_PV': array([0., 0., 0., ..., 0., 0., 0.]), 'Time_series': array([0.0000e+00, 1.0000e-02, 2.0000e-02, ..., 9.9997e+02, 9.9998e+02,
       9.9999e+02])}}"
